Solute,Solvent,SoluteSMILES,SolventSMILES,DeltaGsolv
diethylamine,butanol,CCNCC,CCCCO,-5.15
ethyloctadecanoate,hexadecane,CCCCCCCCCCCCCCCCCC(=O)OCC,CCCCCCCCCCCCCCCC,-13.69
phenol,ethylacetate,C1=CC=C(C=C1)O,CCOC(=O)C,-8.7
dibromomethane,water,C(Br)Br,O,-2.11
2-butanone,aceticacid,CCC(=O)C,CC(O)=O,-4.8
n-pentadecane,pentadecane,CCCCCCCCCCCCCCC,CCCCCCCCCCCCCCC,-9.91
N-ethylaniline,water,CCNC1=CC=CC=C1,O,-4.62
propylamine,octane,CCCN,CCCCCCCC,-3.0
aceticacid,butanol,CC(O)=O,CCCCO,-6.81
toluene,pentanol,CC1=CC=CC=C1,CCCCCO,-4.25
propylamine,diethylether,CCCN,CCOCC,-3.65
1;2-dichlorobenzene,hexadecane,C1=CC=C(C(=C1)Cl)Cl,CCCCCCCCCCCCCCCC,-6.16
o-cresol,hexane,CC1=CC=CC=C1O,CCCCCC,-6.25
acetophenone,heptane,CC(=O)C1=CC=CC=C1,CCCCCCC,-6.14
N;N-dimethyl-p-methoxybenzamide,water,CN(C)C(=O)C1=CC=C(C=C1)OC,O,-11.01
aceticacid,pentanol,CC(O)=O,CCCCCO,-6.65
butanal,octanol,CCCC=O,CCCCCCCCO,-4.62
methylpentanoate,octane,CCCCC(=O)OC,CCCCCCCC,-4.86
pentanoicacid,water,CCCCC(O)=O,O,-6.16
toluene,tetrahydrothiophenedioxide,CC1=CC=CC=C1,O=[S]1(=O)CCCC1,-4.23
2-hexanone,isooctane,CCCCC(=O)C,CC(C)CC(C)(C)C,-4.72
1-butanol,hexane,CCCCO,CCCCCC,-3.77
pentylacetate,dichloroethane,CCCCCOC(C)=O,CC(Cl)Cl,-6.64
p-xylene,heptane,CC1=CC=C(C=C1)C,CCCCCCC,-5.52
1-pentanol,tributylphosphate,CCCCCO,CCCCOP(=O)(OCCCC)OCCCC,-6.69
propylacetate,chloroform,CCCOC(C)=O,C(Cl)(Cl)Cl,-6.35
butylamine,iodobenzene,CCCCN,C1=CC=C(C=C1)I,-4.19
acetophenone,chloroform,CC(=O)C1=CC=CC=C1,C(Cl)(Cl)Cl,-7.81
toluene,diethylether,CC1=CC=CC=C1,CCOCC,-5.23
t-butanol,water,CC(C)(C)O,O,-4.51
formaldehyde,butanol,C=O,CCCCO,-3.49
cyclopentanone,hexadecane,C1CCC(=O)C1,CCCCCCCCCCCCCCCC,-4.39
1-nitrobutane,hexadecane,CCCC[N+](=O)[O-],CCCCCCCCCCCCCCCC,-4.66
isopropanol,diethylether,CC(C)O,CCOCC,-4.44
2-hexanone,chlorobenzene,CCCCC(=O)C,C1=CC=C(C=C1)Cl,-5.84
propylacetate,chlorobenzene,CCCOC(C)=O,C1=CC=C(C=C1)Cl,-5.15
butylamine,heptane,CCCCN,CCCCCCC,-3.55
butanoicacid,pentanol,C1=CN=C(C=C1CO)C2=NC=CC(=C2)CO,CCCCCO,-7.74
N;N-dimethylformamide,diethylether,CN(C)C=O,CCOCC,-5.31
tripropylphosphate,benzene,CCCO[P](=O)(OCCC)OCCC,C1=CC=CC=C1,-9.34
nitromethane,butanol,C[N+](=O)[O-],CCCCO,-3.93
fluorobenzene,decalin,C1=CC=C(C=C1)F,C1CCC2CCCCC2C1,-3.44
pentylacetate,isopropylbenzene,CCCCCOC(C)=O,CC(C)C1=CC=CC=C1,-6.13
1-propanol,diethylether,CCCO,CCOCC,-4.9
methanol,butylacetate,CO,CCCCOC(C)=O,-3.04
1-pentanol,hexadecane,CCCCCO,CCCCCCCCCCCCCCCC,-4.24
2;2';3'-trichlorobiphenyl,octanol,Clc1cccc(c1Cl)c2ccccc2Cl,CCCCCCCCO,-9.12
chrysene,hexadecane,C1=CC=C2C(=C1)C=CC3=C2C=CC4=CC=CC=C43,CCCCCCCCCCCCCCCC,-14.1
butylamine,hexanol,CCCCN,CCCCCCO,-5.5
bromoform,octanol,C(Br)(Br)Br,CCCCCCCCO,-5.62
bromobenzene,hexadecane,C1=CC=C(C=C1)Br,CCCCCCCCCCCCCCCC,-5.51
1-heptanol,heptanol,CCCCCCCO,CCCCCCCO,-7.84
diethylamine,4methyl2pentanone,CCNCC,CC(C)CC(C)=O,-3.63
ethylacetate,hexane,CCOC(=O)C,CCCCCC,-3.62
water,cyclohexane,O,C1CCCCC1,-0.39
ethylphenylether,chloroform,CCOc1ccccc1,C(Cl)(Cl)Cl,-7.16
benzamide,hexane,C1=CC=C(C=C1)C(=O)N,CCCCCC,-7.77
1-butanol,water,CCCCO,O,-4.72
1;1-difluoroethane,water,CC(F)F,O,-0.11
2-methylpyrazine,water,CC1=NC=CN=C1,O,-5.57
ethylamine,tributylphosphate,CCN,CCCCOP(=O)(OCCCC)OCCCC,-3.29
ethylamine,water,CCN,O,-4.5
2-butanone,xylene,CCC(=O)C,CC1=CC=CC=C1C,-4.23
diethylsulfide,chloroform,CCSCC,C(Cl)(Cl)Cl,-6.4
benzamide,diethylether,C1=CC=C(C=C1)C(=O)N,CCOCC,-10.6
p-cresol,nitrobenzene,CC1=CC=C(C=C1)O,C1=CC=C(C=C1)[N+](=O)[O-],-8.13
N-methylmorpholine,water,CN1CCOCC1,O,-6.34
chlorobenzene,decanol,C1=CC=C(C=C1)Cl,CCCCCCCCCCO,-4.83
bromobenzene,diethylether,C1=CC=C(C=C1)Br,CCOCC,-5.99
benzene,water,C1=CC=CC=C1,O,-0.87
2;4-dimethylpentane,water,CC(C)CC(C)C,O,2.88
phenol,hexane,C1=CC=C(C=C1)O,CCCCCC,-5.49
2-pentanone,octane,CCCC(=O)C,CCCCCCCC,-3.97
toluene,hexadecane,CC1=CC=CC=C1,CCCCCCCCCCCCCCCC,-4.54
diethyldisulfide,water,CCSSCC,O,-1.63
m-cresol,4methyl2pentanone,CC1=CC(=CC=C1)O,CC(C)CC(C)=O,-8.79
p-bromophenol,chlorobenzene,C1=CC(=CC=C1O)Br,C1=CC=C(C=C1)Cl,-8.54
3-bromopropene,water,C=CCBr,O,-0.86
5-fluorouracil,chloroform,C1=C(C(=O)NC(=O)N1)F,C(Cl)(Cl)Cl,-14.31
aniline,benzene,C1=CC=C(C=C1)N,C1=CC=CC=C1,-6.88
pyridine,toluene,C1=CC=NC=C1,CC1=CC=CC=C1,-5.13
hydrazine,benzene,NN,C1=CC=CC=C1,-4.02
1-heptanol,octanol,CCCCCCCO,CCCCCCCCO,-7.75
p-hydroxybenzaldehyde,diethylether,C1=CC(=CC=C1C=O)O,CCOCC,-12.07
acetamide,hexadecane,CC(=O)N,CCCCCCCCCCCCCCCC,-3.33
1-butanol,octanol,CCCCO,CCCCCCCCO,-5.71
water,benzene,O,C1=CC=CC=C1,-1.71
methylpropanoate,isopropylbenzene,CCC(=O)OC,CC(C)C1=CC=CC=C1,-4.19
octafluoropropane,water,C(C(F)(F)F)(C(F)(F)F)(F)F,O,4.28
naphthalene,water,C1=CC=C2C=CC=CC2=C1,O,-2.39
1-bromo-isobutane,hexadecane,CC(C)CBr,CCCCCCCCCCCCCCCC,-4.04
propylacetate,heptane,CCCOC(C)=O,CCCCCCC,-4.09
butanoicacid,hexadecane,C1=CN=C(C=C1CO)C2=NC=CC(=C2)CO,CCCCCCCCCCCCCCCC,-3.86
hydrogenperoxide,toluene,OO,CC1=CC=CC=C1,-3.14
hydrazine,diethylether,NN,CCOCC,-3.08
ethylacetate,pentane,CCOC(=O)C,CCCCC,-3.69
methylpropanoate,decalin,CCC(=O)OC,C1CCC2CCCCC2C1,-3.5
butanoicacid,benzene,C1=CN=C(C=C1CO)C2=NC=CC(=C2)CO,C1=CC=CC=C1,-5.3
butylacetate,secbutylbenzene,CCCCOC(C)=O,CCC(C)C1=CC=CC=C1,-5.22
caffeine,water,CN1C=NC2=C1C(=O)N(C(=O)N2C)C,O,-12.64
N-methylformamide,methylformamide,CNC=O,CNC=O,-8.27
ethanol,tetrahydrofuran,CCO,C1CCOC1,-4.56
benzamide,heptane,C1=CC=C(C=C1)C(=O)N,CCCCCCC,-7.26
2-butanone,ethanol,CCC(=O)C,CCO,-4.32
toluene,decalin,CC1=CC=CC=C1,C1CCC2CCCCC2C1,-4.37
nitroethane,water,CC[N+](=O)[O-],O,-3.71
4-methylpyridine,cyclohexane,CC1=CC=NC=C1,C1CCCCC1,-5.23
bromotrichloromethane,water,C(Cl)(Cl)(Cl)Br,O,-0.93
chloroform,water,C(Cl)(Cl)Cl,O,-1.07
2-methoxybenzoicacid,octanol,COC1=CC=CC=C1C(=O)O,CCCCCCCCO,-12.49
nitromethane,phenylether,C[N+](=O)[O-],O(c1ccccc1)c2ccccc2,-4.19
t-butanol,benzene,CC(C)(C)O,C1=CC=CC=C1,-3.7
cyclohexane,benzene,C1CCCCC1,C1=CC=CC=C1,-4.05
2-methylpropane,water,CC(C)C,O,2.32
acetaldehyde,hexadecane,CC=O,CCCCCCCCCCCCCCCC,-1.68
toluene,hexane,CC1=CC=CC=C1,CCCCCC,-4.84
2-bromopropane,water,CC(C)Br,O,-0.48
1-pentene,hexadecane,CCCC=C,CCCCCCCCCCCCCCCC,-2.79
methylpropanoate,ethylbenzene,CCC(=O)OC,CCC1=CC=CC=C1,-4.29
1;4-dioxane,methylformamide,C1COCCO1,CNC=O,-4.86
1;4-dioxane,isopropanol,C1COCCO1,CC(C)O,-4.49
p-hydroxybenzaldehyde,dichloroethane,C1=CC(=CC=C1C=O)O,CC(Cl)Cl,-10.7
ethylbenzene,butanol,CCC1=CC=CC=C1,CCCCO,-4.46
methylhexanoate,xylene,CCCCCC(=O)OC,CC1=CC=CC=C1C,-6.26
ethylamine,heptanol,CCN,CCCCCCCO,-4.15
methylhexanoate,decalin,CCCCCC(=O)OC,C1CCC2CCCCC2C1,-5.51
acetonitrile,chloroform,CC#N,C(Cl)(Cl)Cl,-4.44
ethanol,cyclohexanone,CCO,C1CCC(=O)CC1,-4.41
dipropylamine,hexadecane,CCCNCCC,CCCCCCCCCCCCCCCC,-4.57
pentanoicacid,diisopropylether,CCCCC(O)=O,CC(C)OC(C)C,-7.59
ethylacetate,bromooctane,CCOC(=O)C,CCCCCCCCBr,-3.97
N-methylaniline,decalin,CNC1=CC=CC=C1,C1CCC2CCCCC2C1,-6.41
5-nonanone,hexadecane,CCCCC(=O)CCCC,CCCCCCCCCCCCCCCC,-6.46
methylacetate,decane,COC(C)=O,CCCCCCCCCC,-2.98
tetrahydropyran,cyclohexane,C1CCOCC1,C1CCCCC1,-4.41
butylacetate,chlorobenzene,CCCCOC(C)=O,C1=CC=C(C=C1)Cl,-5.74
butylacetate,nonane,CCCCOC(C)=O,CCCCCCCCC,-4.69
nitromethane,anisole,C[N+](=O)[O-],COC1=CC=CC=C1,-4.69
1-hexanol,dodecane,CCCCCCO,CCCCCCCCCCCC,-4.28
1;1;1;3;3;3-hexafluoropropan-2-ol,octanol,C(C(F)(F)F)(C(F)(F)F)O,CCCCCCCCO,-5.76
ethanol,butanol,CCO,CCCCO,-5.02
2-pentanone,pentane,CCCC(=O)C,CCCCC,-4.16
2-methylpyridine,hexadecane,CC1=CC=CC=N1,CCCCCCCCCCCCCCCC,-4.68
propionitrile,water,CCC#N,O,-3.85
1-heptanol,bromobenzene,CCCCCCCO,C1=CC=C(C=C1)Br,-6.68
3-methylpyridine,octanol,CC1=CN=CC=C1,CCCCCCCCO,-6.4
propylparaben,octanol,CCCOC(=O)C1=CC=C(C=C1)O,CCCCCCCCO,-13.52
hexafluoroethane,water,C(C(F)(F)F)(F)(F)F,O,3.94
4-methylaniline,butylacetate,CC1=CC=C(C=C1)N,CCCCOC(C)=O,-7.81
phenol,pentane,C1=CC=C(C=C1)O,CCCCC,-5.67
ethylacetate,toluene,CCOC(=O)C,CC1=CC=CC=C1,-4.41
2-pentanone,trimethylbenzene,CCCC(=O)C,CC1=C(C(=CC=C1)C)C,-4.83
1;2-dichlorobenzene,water,C1=CC=C(C(=C1)Cl)Cl,O,-1.36
acetone,octane,CC(=O)C,CCCCCCCC,-2.46
toluene,aceticacid,CC1=CC=CC=C1,CC(O)=O,-4.53
p-dibromobenzene,octanol,C1=CC(=CC=C1Br)Br,CCCCCCCCO,-7.47
n-octane,ethoxybenzene,CCCCCCCC,CCOC1=CC=CC=C1,-4.75
thiophenol,chloroform,C1=CC=C(C=C1)S,C(Cl)(Cl)Cl,-7.61
aceticacid,cyclohexanone,CC(O)=O,C1CCC(=O)CC1,-6.43
dibutylether,dibutylether,CCCCOCCCC,CCCCOCCCC,-5.76
n-heptane,water,CCCCCCC,O,2.62
2-hexanone,benzene,CCCCC(=O)C,C1=CC=CC=C1,-5.76
methylhexanoate,trimethylbenzene,CCCCCC(=O)OC,CC1=C(C(=CC=C1)C)C,-6.16
methylbutanoate,hexadecane,CCCC(=O)OC,CCCCCCCCCCCCCCCC,-4.01
p-bromotoluene,water,CC1=CC=C(C=C1)Br,O,-1.39
ethanol,carbondisulfide,CCO,C(=S)=S,-2.72
acetone,ethylbenzene,CC(=O)C,CCC1=CC=CC=C1,-3.41
chloroform,pentane,C(Cl)(Cl)Cl,CCCCC,-3.26
2-methylpropene,water,CC(=C)C,O,1.16
ethanol,dimethylformamide,CCO,CN(C)C=O,-5.23
caffeine,octanol,CN1C=NC2=C1C(=O)N(C(=O)N2C)C,CCCCCCCCO,-12.54
phenol,dichloroethane,C1=CC=C(C=C1)O,CC(Cl)Cl,-7.48
iodobenzene,chloroform,C1=CC=C(C=C1)I,C(Cl)(Cl)Cl,-6.6
1-butyne,hexadecane,CCC#C,CCCCCCCCCCCCCCCC,-2.07
aniline,heptane,C1=CC=C(C=C1)N,CCCCCCC,-5.38
isopropanol,water,CC(C)O,O,-4.76
1-pentanol,cyclohexane,CCCCCO,C1CCCCC1,-3.61
1-heptanol,benzene,CCCCCCCO,C1=CC=CC=C1,-6.85
nitromethane,acetonitrile,C[N+](=O)[O-],CC#N,-5.62
n-octane,triethylamine,CCCCCCCC,CCN(CC)CC,-5.62
acetaldehyde,diethylether,CC=O,CCOCC,-2.85
diethylsulfide,water,CCSCC,O,-1.43
2-methyl-1-nitrobenzene,chloroform,CC1=CC=CC=C1[N+](=O)[O-],C(Cl)(Cl)Cl,-8.3
o-cresol,hexadecane,CC1=CC=CC=C1O,CCCCCCCCCCCCCCCC,-5.78
2-iodopropane,octanol,CC(C)I,CCCCCCCCO,-4.4
2-butanone,nitroethane,CCC(=O)C,CC[N+](=O)[O-],-4.73
ethylacetate,chlorobenzene,CCOC(=O)C,C1=CC=C(C=C1)Cl,-4.63
1-butanol,butanol,CCCCO,CCCCO,-6.03
dipropylsulfide,hexadecane,CCCSCCC,CCCCCCCCCCCCCCCC,-5.61
methylpropanoate,nonane,CCC(=O)OC,CCCCCCCCC,-3.5
propylacetate,xylene,CCCOC(C)=O,CC1=CC=CC=C1C,-4.87
methylhexanoate,heptane,CCCCCC(=O)OC,CCCCCCC,-5.63
2-butanone,methylformamide,CCC(=O)C,CNC=O,-4.34
bromotoluene,water,CC1=CC=CC=C1Br,O,-2.37
butanoicacid,secbutanol,C1=CN=C(C=C1CO)C2=NC=CC(=C2)CO,CCC(C)O,-7.34
1-heptanol,ethylacetate,CCCCCCCO,CCOC(=O)C,-7.56
o-cresol,xylene,CC1=CC=CC=C1O,CC1=CC=CC=C1C,-7.25
methylpentanoate,cyclohexane,CCCCC(=O)OC,C1CCCCC1,-5.04
difluorodichloromethane,octanol,C(F)(F)(Cl)Cl,CCCCCCCCO,-1.25
ethylacetate,carbondisulfide,CCOC(=O)C,C(=S)=S,-4.08
1-octanol,diethylether,CCCCCCCCO,CCOCC,-7.25
hydrogenperoxide,butanol,OO,CCCCO,-7.94
n-octane,methoxyethanol,CCCCCCCC,COCCO,-3.71
benzene,decane,C1=CC=CC=C1,CCCCCCCCCC,-3.8
9-methyladenine,chloroform,CN1C=NC2=C(N=CN=C21)N,C(Cl)(Cl)Cl,-12.51
acetophenone,water,CC(=O)C1=CC=CC=C1,O,-4.58
butanoicacid,octanol,C1=CN=C(C=C1CO)C2=NC=CC(=C2)CO,CCCCCCCCO,-7.58
2-butanone,decane,CCC(=O)C,CCCCCCCCCC,-3.3
2-pentanone,hexadecane,CCCC(=O)C,CCCCCCCCCCCCCCCC,-3.76
trimethylphosphate,hexane,COP(=O)(OC)OC,CCCCCC,-5.82
diflunisal,water,C1=CC(=C(C=C1C2=C(C=C(C=C2)F)F)C(=O)O)O,O,-9.4
butylacetate,isopropylbenzene,CCCCOC(C)=O,CC(C)C1=CC=CC=C1,-5.36
diethylamine,dichloroethane,CCNCC,CC(Cl)Cl,-4.0
tolfenamicacid,water,CC1=C(C=CC=C1Cl)NC2=CC=CC=C2C(=O)O,O,-6.71
toluene,cyclohexane,CC1=CC=CC=C1,C1CCCCC1,-4.9
anisole,heptane,COC1=CC=CC=C1,CCCCCCC,-5.35
N-methylaniline,octanol,CNC1=CC=CC=C1,CCCCCCCCO,-6.94
ethyleneglycoldiacetate,water,CC(=O)OCCOC(=O)C,O,-6.34
iodomethane,octanol,CI,CCCCCCCCO,-3.07
n-octane,tetrahydrofuran,CCCCCCCC,C1CCOC1,-5.39
1-heptanol,ethylbenzene,CCCCCCCO,CCC1=CC=CC=C1,-6.7
1;4-dioxane,aniline,C1COCCO1,C1=CC=C(C=C1)N,-5.65
2-heptanone,water,CCCCCC(=O)C,O,-3.04
butenyne,water,C=CC#C,O,0.04
1-heptanol,chlorobenzene,CCCCCCCO,C1=CC=C(C=C1)Cl,-6.78
butylacetate,perfluorobenzene,CCCCOC(C)=O,C1(=C(C(=C(C(=C1F)F)F)F)F)F,-5.52
3;3-dimethylbutanone,decane,CC(=O)C(C)(C)C,CCCCCCCCCC,-4.15
2-pentanone,toluene,CCCC(=O)C,CC1=CC=CC=C1,-5.02
propene,hexadecane,CC=C,CCCCCCCCCCCCCCCC,-1.29
1-propanethiol,hexadecane,CCCS,CCCCCCCCCCCCCCCC,-3.66
p-bromophenol,toluene,C1=CC(=CC=C1O)Br,CC1=CC=CC=C1,-8.7
3;3-dimethylbutanone,heptane,CC(=O)C(C)(C)C,CCCCCCC,-4.3
methylpropanoate,chlorohexane,CCC(=O)OC,CCCCCCCl,-4.2
2-hexanone,perfluorobenzene,CCCCC(=O)C,C1(=C(C(=C(C(=C1F)F)F)F)F)F,-5.55
propylacetate,octane,CCCOC(C)=O,CCCCCCCC,-4.09
p-bromophenol,chloroform,C1=CC(=CC=C1O)Br,C(Cl)(Cl)Cl,-8.59
fenbufen,water,C1=CC=C(C=C1)C2=CC=C(C=C2)C(=O)CCC(=O)O,O,-12.75
toluene,cyclohexanone,CC1=CC=CC=C1,C1CCC(=O)CC1,-5.05
2-butanone,acetonitrile,CCC(=O)C,CC#N,-4.73
propanoicacid,octanol,CC(=O)CC(=O)NC1=CC(=C(C=C1OC)OC)Cl,CCCCCCCCO,-6.86
2-chloropropane,water,CC(C)Cl,O,-0.25
1-propanol,octane,CCCO,CCCCCCCC,-2.76
thiophenol,hexadecane,C1=CC=C(C=C1)S,CCCCCCCCCCCCCCCC,-5.61
n-nonane,nonane,CCCCCCCCC,CCCCCCCCC,-5.91
butylacetate,octane,CCCCOC(C)=O,CCCCCCCC,-4.8
4-nitroaniline,water,C1=CC(=CC=C1N)[N+](=O)[O-],O,-9.45
methylhexanoate,hexane,CCCCCC(=O)OC,CCCCCC,-5.64
ethanol,diisopropylether,CCO,CC(C)OC(C)C,-3.9
3;3-dimethylbutanone,octane,CC(=O)C(C)(C)C,CCCCCCCC,-4.21
diethylether,chloroform,CCOCC,C(Cl)(Cl)Cl,-4.32
butylacetate,decalin,CCCCOC(C)=O,C1CCC2CCCCC2C1,-4.71
aceticacid,octanol,CC(O)=O,CCCCCCCCO,-6.35
trimethylphosphate,dichloroethane,COP(=O)(OC)OC,CC(Cl)Cl,-8.55
pentylamine,hexadecane,CCCCCN,CCCCCCCCCCCCCCCC,-4.28
1-heptanol,dodecane,CCCCCCCO,CCCCCCCCCCCC,-5.41
aceticacid,chloroform,CC(O)=O,C(Cl)(Cl)Cl,-4.74
methylpropanoate,benzene,CCC(=O)OC,C1=CC=CC=C1,-4.58
2-heptanone,hexadecane,CCCCCC(=O)C,CCCCCCCCCCCCCCCC,-5.13
3;3-dimethylbutanone,toluene,CC(=O)C(C)(C)C,CC1=CC=CC=C1,-5.0
butylamine,pentanol,CCCCN,CCCCCO,-5.55
methylbenzoate,water,COC(=O)C1=CC=CC=C1,O,-3.91
3;3-dimethylbutanone,butylbenzene,CC(=O)C(C)(C)C,CCCCC1=CC=CC=C1,-4.77
butylacetate,hexane,CCCCOC(C)=O,CCCCCC,-4.86
isopropylether,hexadecane,CC(C)OC(C)C,CCCCCCCCCCCCCCCC,-4.02
1-bromopropane,octanol,CCCBr,CCCCCCCCO,-3.42
bromobenzene,decalin,C1=CC=C(C=C1)Br,C1CCC2CCCCC2C1,-5.25
morpholine,water,C1COCCN1,O,-7.17
2-heptanone,trimethylbenzene,CCCCCC(=O)C,CC1=C(C(=CC=C1)C)C,-6.01
methylpropanoate,water,CCC(=O)OC,O,-2.93
diethylamine,pentanol,CCNCC,CCCCCO,-5.3
m-xylene,octanol,CC1=CC(=CC=C1)C,CCCCCCCCO,-5.25
2-methyl-1-nitrobenzene,octanol,CC1=CC=CC=C1[N+](=O)[O-],CCCCCCCCO,-6.8
3;3-dimethylbutanone,chlorobenzene,CC(=O)C(C)(C)C,C1=CC=C(C=C1)Cl,-5.25
n-octane,diisopropylether,CCCCCCCC,CC(C)OC(C)C,-5.38
butylacetate,toluene,CCCCOC(C)=O,CC1=CC=CC=C1,-5.57
4-methylpyridine,hexadecane,CC1=CC=NC=C1,CCCCCCCCCCCCCCCC,-4.89
dimethylsulfide,hexadecane,CSC,CCCCCCCCCCCCCCCC,-3.05
chlorobenzene,chlorobenzene,C1=CC=C(C=C1)Cl,C1=CC=C(C=C1)Cl,-5.66
2-butanone,propanol,CCC(=O)C,CCCO,-4.15
ethanol,cyclohexane,CCO,C1CCCCC1,-2.42
fluorobenzene,decane,C1=CC=C(C=C1)F,CCCCCCCCCC,-3.48
p-bromophenol,bromobenzene,C1=CC(=CC=C1O)Br,C1=CC=C(C=C1)Br,-8.49
bis(2-chloroethyl)ether,water,C(CCl)OCCCl,O,-4.23
dibromomethane,hexadecane,C(Br)Br,CCCCCCCCCCCCCCCC,-3.94
2-butanone,acetophenone,CCC(=O)C,CC(=O)C1=CC=CC=C1,-4.39
methylbenzoate,benzene,COC(=O)C1=CC=CC=C1,C1=CC=CC=C1,-6.27
ethanol,dimethylsulfoxide,CCO,CS(=O)C,-5.25
ammonia,chloroform,N,C(Cl)(Cl)Cl,-2.41
butanonitrile,hexadecane,CCCC#N,CCCCCCCCCCCCCCCC,-3.48
p-dibromobenzene,heptane,C1=CC(=CC=C1Br)Br,CCCCCCC,-7.55
aceticacid,acetophenone,CC(O)=O,CC(=O)C1=CC=CC=C1,-6.2
m-cresol,cyclohexane,CC1=CC(=CC=C1)O,C1CCCCC1,-5.2
1;4-dioxane,dimethylformamide,C1COCCO1,CN(C)C=O,-5.03
butylacetate,ethylbenzene,CCCCOC(C)=O,CCC1=CC=CC=C1,-5.48
1;2-ethanediol,chloroform,C(CO)O,C(Cl)(Cl)Cl,-5.98
ethylamine,xylene,CCN,CC1=CC=CC=C1C,-3.01
aceticacid,bromoform,CC(O)=O,C(Br)(Br)Br,-4.54
fluorotrichloromethane,water,C(F)(Cl)(Cl)Cl,O,0.82
1;4-dioxane,xylene,C1COCCO1,CC1=CC=CC=C1C,-4.86
2-butanone,dibutylether,CCC(=O)C,CCCCOCCCC,-3.78
cyclohexane,chloroform,C1CCCCC1,C(Cl)(Cl)Cl,-4.45
butylacetate,tetrachloroethene,CCCCOC(C)=O,C(=C(Cl)Cl)(Cl)Cl,-5.35
methylhexanoate,butylbenzene,CCCCCC(=O)OC,CCCCC1=CC=CC=C1,-6.09
hexanoicacid,pentanol,C1=CC=C(C=C1)C[Si](Cl)(Cl)Cl,CCCCCO,-8.99
diethylamine,toluene,CCNCC,CC1=CC=CC=C1,-3.75
phenol,decane,C1=CC=C(C=C1)O,CCCCCCCCCC,-5.5
ethanethiol,isooctane,CCS,CC(C)CC(C)(C)C,-3.13
2;4-dimethylpyridine,hexadecane,CC1=CC(=NC=C1)C,CCCCCCCCCCCCCCCC,-5.52
n-hexane,water,CCCCCC,O,2.49
5-trifluoromethyluracil,water,C1=C(C(=O)NC(=O)N1)C(F)(F)F,O,-15.46
1;4-dioxane,toluene,C1COCCO1,CC1=CC=CC=C1,-4.91
toluene,hexanol,CC1=CC=CC=C1,CCCCCCO,-4.27
n-octane,octane,CCCCCCCC,CCCCCCCC,-5.28
morpholine,octanol,C1COCCN1,CCCCCCCCO,-5.99
pentanoicacid,xylene,CCCCC(O)=O,CC1=CC=CC=C1C,-5.71
isopropanol,isopropanol,CC(C)O,CC(C)O,-4.82
acetylsalicylicacid,water,CC(=O)OC1=CC=CC=C1C(=O)O,O,-9.94
o-cresol,heptane,CC1=CC=CC=C1O,CCCCCCC,-6.01
toluene,decane,CC1=CC=CC=C1,CCCCCCCCCC,-4.65
n-octane,dimethylsulfoxide,CCCCCCCC,CS(=O)C,-2.84
acetone,water,CC(=O)C,O,-3.85
1-chloropropane,water,CCCCl,O,-0.27
n-octane,isooctane,CCCCCCCC,CC(C)CC(C)(C)C,-5.44
nitromethane,isopropanol,C[N+](=O)[O-],CC(C)O,-4.0
aceticacid,tributylphosphate,CC(O)=O,CCCCOP(=O)(OCCCC)OCCCC,-7.11
pyridine,heptane,C1=CC=NC=C1,CCCCCCC,-4.28
toluene,anisole,CC1=CC=CC=C1,COC1=CC=CC=C1,-4.95
aniline,diisopropylether,C1=CC=C(C=C1)N,CC(C)OC(C)C,-6.67
ethylacetate,isobutanol,CCOC(=O)C,CC(C)CO,-4.27
1-pentene,water,CCCC=C,O,1.66
2-butanone,isopropanol,CCC(=O)C,CC(C)O,-4.07
p-hydroxybenzaldehyde,cyclohexane,C1=CC(=CC=C1C=O)O,C1CCCCC1,-7.19
5-fluorouracil,diethylether,C1=C(C(=O)NC(=O)N1)F,CCOCC,-15.56
1-nitrobutane,hexane,CCCC[N+](=O)[O-],CCCCCC,-4.64
butanonitrile,water,CCCC#N,O,-3.64
2-octanone,water,CCCCCCC(=O)C,O,-2.88
1-nitropropane,water,CCC[N+](=O)[O-],O,-3.34
ethylamine,chloroform,CCN,C(Cl)(Cl)Cl,-4.02
p-bromophenol,ethylbenzene,C1=CC(=CC=C1O)Br,CCC1=CC=CC=C1,-8.54
nitromethane,methoxyethanol,C[N+](=O)[O-],COCCO,-5.06
bromotrifluoromethane,water,C(F)(F)(F)Br,O,1.79
p-xylene,hexane,CC1=CC=C(C=C1)C,CCCCCC,-5.01
trimethylphosphate,water,COP(=O)(OC)OC,O,-8.7
1;4-dioxane,decane,C1COCCO1,CCCCCCCCCC,-3.97
propylamine,hexanol,CCCN,CCCCCCO,-4.83
pyridine,diisopropylether,C1=CC=NC=C1,CC(C)OC(C)C,-4.88
2-chloropentane,water,CCCC(C)Cl,O,0.07
pentylacetate,heptane,CCCCCOC(C)=O,CCCCCCC,-5.42
toluene,bromobenzene,CC1=CC=CC=C1,C1=CC=C(C=C1)Br,-5.13
1-nitrobutane,water,CCCC[N+](=O)[O-],O,-3.08
triethylphosphate,water,CCOP(=O)(OCC)OCC,O,-7.8
1;4-dioxane,hexane,C1COCCO1,CCCCCC,-4.08
toluene,ethylacetate,CC1=CC=CC=C1,CCOC(=O)C,-5.05
methylpentanoate,tetrachloroethene,CCCCC(=O)OC,C(=C(Cl)Cl)(Cl)Cl,-5.41
methylamine,chlorobenzene,CN,C1=CC=C(C=C1)Cl,-2.16
trichloroethene,hexadecane,C(=C(Cl)Cl)Cl,CCCCCCCCCCCCCCCC,-4.08
1-pentanol,nonane,CCCCCO,CCCCCCCCC,-3.92
3;3-dimethylbutanone,pentane,CC(=O)C(C)(C)C,CCCCC,-4.43
1-pentanol,toluene,CCCCCO,CC1=CC=CC=C1,-5.17
n-heptane,octanol,CCCCCCC,CCCCCCCCO,-3.74
m-xylene,heptane,CC1=CC(=CC=C1)C,CCCCCCC,-5.67
2-hexanone,trimethylbenzene,CCCCC(=O)C,CC1=C(C(=CC=C1)C)C,-5.39
methanol,octanol,CO,CCCCCCCCO,-3.87
1;4-dioxane,chloroform,C1COCCO1,C(Cl)(Cl)Cl,-6.21
p-cresol,heptanol,CC1=CC=C(C=C1)O,CCCCCCCO,-9.16
triethylphosphate,chloroform,CCOP(=O)(OCC)OCC,C(Cl)(Cl)Cl,-10.9
acetone,decane,CC(=O)C,CCCCCCCCCC,-2.47
1;4-dioxane,diethylether,C1COCCO1,CCOCC,-4.67
water,toluene,O,CC1=CC=CC=C1,-1.69
tetrahydropyran,water,C1CCOCC1,O,-3.12
o-cresol,chlorobenzene,CC1=CC=CC=C1O,C1=CC=C(C=C1)Cl,-7.33
hydrogenperoxide,pentanol,OO,CCCCCO,-7.46
p-bromophenol,nitrobenzene,C1=CC(=CC=C1O)Br,C1=CC=C(C=C1)[N+](=O)[O-],-9.76
3;5-dimethylpyridine,water,CC1=CC(=CN=C1)C,O,-4.84
pentanal,isooctane,CCCCC=O,CC(C)CC(C)(C)C,-4.24
n-octane,benzylalcohol,CCCCCCCC,C1=CC=C(C=C1)CO,-3.77
N;N'-dimethylpiperazine,water,CN1CCN(CC1)C,O,-7.58
ethanol,2methylpyridine,CCO,Cc1ccccn1,-5.01
bromoform,water,C(Br)(Br)Br,O,-1.98
1-propanol,decane,CCCO,CCCCCCCCCC,-2.76
methylpropylether,octanol,CCCOC,CCCCCCCCO,-3.63
o-cresol,chloroform,CC1=CC=CC=C1O,C(Cl)(Cl)Cl,-7.55
methylpropanoate,chloroform,CCC(=O)OC,C(Cl)(Cl)Cl,-5.48
butylacetate,butylbenzene,CCCCOC(C)=O,CCCCC1=CC=CC=C1,-5.28
2;6-dimethylpyridine,chloroform,CC1=NC(=CC=C1)C,C(Cl)(Cl)Cl,-7.74
p-bromophenol,nonanol,C1=CC(=CC=C1O)Br,CCCCCCCCCO,-10.36
1-butanol,ethylbenzene,CCCCO,CCC1=CC=CC=C1,-3.77
methylpentanoate,chlorohexane,CCCCC(=O)OC,CCCCCCCl,-5.41
phenol,carbondisulfide,C1=CC=C(C=C1)O,C(=S)=S,-6.27
propanoicacid,tributylphosphate,CC(=O)CC(=O)NC1=CC(=C(C=C1OC)OC)Cl,CCCCOP(=O)(OCCCC)OCCCC,-7.73
phenol,nitrobenzene,C1=CC=C(C=C1)O,C1=CC=C(C=C1)[N+](=O)[O-],-7.86
1-hexanol,butylacetate,CCCCCCO,CCCCOC(C)=O,-6.62
2-hexanone,pentane,CCCCC(=O)C,CCCCC,-4.79
dichloromethane,hexadecane,C(Cl)Cl,CCCCCCCCCCCCCCCC,-2.76
1-butanol,nonane,CCCCO,CCCCCCCCC,-3.77
2-chloropropane,hexadecane,CC(C)Cl,CCCCCCCCCCCCCCCC,-2.69
n-heptane,heptane,CCCCCCC,CCCCCCC,-4.65
pentylacetate,ethylbenzene,CCCCCOC(C)=O,CCC1=CC=CC=C1,-6.2
n-decane,decane,CCCCCCCCCC,CCCCCCCCCC,-6.53
dimethyl4-nitrophenylthiophosphate,chloroform,C[S](C)(c1ccc(cc1)[N+]([O-])=O)=[P]([O-])([O-])[O-],C(Cl)(Cl)Cl,-9.51
acetone,carbondisulfide,CC(=O)C,C(=S)=S,-3.14
ethanol,nitromethane,CCO,C[N+](=O)[O-],-4.16
ethanol,dimethylacetamide,CCO,CC(=O)N(C)C,-5.4
bromoethane,hexadecane,CCBr,CCCCCCCCCCCCCCCC,-2.89
butylacetate,butylacetate,CCCCOC(C)=O,CCCCOC(C)=O,-5.52
difluorodichloromethane,chloroform,C(F)(F)(Cl)Cl,C(Cl)(Cl)Cl,-1.55
methanol,toluene,CO,CC1=CC=CC=C1,-2.18
methanol,pentane,CO,CCCCC,-1.29
m-xylene,hexadecane,CC1=CC(=CC=C1)C,CCCCCCCCCCCCCCCC,-5.24
ethylamine,chlorobenzene,CCN,C1=CC=C(C=C1)Cl,-2.73
1-butene,water,CCC=C,O,1.38
n-pentane,hexadecane,CCCCC,CCCCCCCCCCCCCCCC,-2.95
N-methyl-2-pyrrolidinone,chloroform,CN1CCCC1=O,C(Cl)(Cl)Cl,-9.82
pentachloronitrobenzene,water,C1(=C(C(=C(C(=C1Cl)Cl)Cl)Cl)Cl)[N+](=O)[O-],O,-5.22
1;4-dichlorobenzene,octanol,C1=CC(=CC=C1Cl)Cl,CCCCCCCCO,-5.67
fluorobenzene,water,C1=CC=C(C=C1)F,O,-0.78
butylamine,diethylether,CCCCN,CCOCC,-4.24
perfluorobenzene,perfluorobenzene,C1(=C(C(=C(C(=C1F)F)F)F)F)F,C1(=C(C(=C(C(=C1F)F)F)F)F)F,-4.42
benzaldehyde,chloroform,C1=CC=C(C=C1)C=O,C(Cl)(Cl)Cl,-7.09
methylparaben,water,COC(=O)C1=CC=C(C=C1)O,O,-9.51
o-cresol,heptanol,CC1=CC=CC=C1O,CCCCCCCO,-8.78
pyrrole,cyclohexane,C1=CNC=C1,C1CCCCC1,-3.77
2-methylpropane,hexadecane,CC(C)C,CCCCCCCCCCCCCCCC,-1.92
methylhexanoate,chloroform,CCCCCC(=O)OC,C(Cl)(Cl)Cl,-7.24
propanoicacid,bromoethane,CC(=O)CC(=O)NC1=CC(=C(C=C1OC)OC)Cl,CCBr,-5.52
ethylamine,bromobenzene,CCN,C1=CC=C(C=C1)Br,-2.73
propylacetate,hexadecane,CCCOC(C)=O,CCCCCCCCCCCCCCCC,-3.93
n-octane,hexadecane,CCCCCCCC,CCCCCCCCCCCCCCCC,-5.02
diethylsulfide,octanol,CCSCC,CCCCCCCCO,-4.09
n-dodecane,dodecane,CCCCCCCCCCCC,CCCCCCCCCCCC,-7.83
1-propanol,bromoform,CCCO,C(Br)(Br)Br,-4.03
p-bromophenol,decanol,C1=CC(=CC=C1O)Br,CCCCCCCCCCO,-10.32
n-octane,bromobenzene,CCCCCCCC,C1=CC=C(C=C1)Br,-5.02
phenol,bromobenzene,C1=CC=C(C=C1)O,C1=CC=C(C=C1)Br,-6.87
2-hexanone,tetralin,CCCCC(=O)C,C1CCC2=CC=CC=C2C1,-4.64
1;4-dioxane,carbondisulfide,C1COCCO1,C(=S)=S,-4.67
ethylamine,decanol,CCN,CCCCCCCCCCO,-3.91
diethylamine,cyclohexane,CCNCC,C1CCCCC1,-3.61
methylpropylether,water,CCCOC,O,-1.66
n-pentane,isooctane,CCCCC,CC(C)CC(C)(C)C,-3.21
2-methylpyrazine,chloroform,CC1=NC=CN=C1,C(Cl)(Cl)Cl,-6.99
uracil,butanol,C1=CNC(=O)NC1=O,CCCCO,-16.05
propylacetate,decane,CCCOC(C)=O,CCCCCCCCCC,-4.02
acetophenone,cyclohexane,CC(=O)C1=CC=CC=C1,C1CCCCC1,-6.29
ammonia,hexadecane,N,CCCCCCCCCCCCCCCC,-0.93
N-methylformamide,octanol,CNC=O,CCCCCCCCO,-6.97
butanoicacid,xylene,C1=CN=C(C=C1CO)C2=NC=CC(=C2)CO,CC1=CC=CC=C1C,-5.3
1;4-dioxane,ethylacetate,C1COCCO1,CCOC(=O)C,-5.03
ethylbenzene,diethylether,CCC1=CC=CC=C1,CCOCC,-5.45
phenol,nonane,C1=CC=C(C=C1)O,CCCCCCCCC,-5.6
ethanol,benzonitrile,CCO,C1=CC=C(C=C1)C#N,-4.05
methylbenzoate,cyclohexane,COC(=O)C1=CC=CC=C1,C1CCCCC1,-7.01
1-heptanol,dibromoethane,CCCCCCCO,CC(Br)Br,-6.64
1-butanol,chloroform,CCCCO,C(Cl)(Cl)Cl,-5.28
1;4-dioxane,dimethylacetamide,C1COCCO1,CC(=O)N(C)C,-5.01
propylparaben,water,CCCOC(=O)C1=CC=C(C=C1)O,O,-9.37
acetone,octanol,CC(=O)C,CCCCCCCCO,-3.15
tetrahydropyran,octanol,C1CCOCC1,CCCCCCCCO,-4.21
anisole,hexadecane,COC1=CC=CC=C1,CCCCCCCCCCCCCCCC,-5.35
1-propanol,nonane,CCCO,CCCCCCCCC,-2.76
trimethylbenzene,trimethylbenzene,CC1=C(C(=CC=C1)C)C,CC1=C(C(=CC=C1)C)C,-6.47
2-butanone,diethylether,CCC(=O)C,CCOCC,-4.09
aniline,4methyl2pentanone,C1=CC=C(C=C1)N,CC(C)CC(C)=O,-7.54
aceticacid,water,CC(O)=O,O,-6.7
1-propanol,chlorobenzene,CCCO,C1=CC=C(C=C1)Cl,-3.82
diethyl2;4-dichlorophenylthiophosphate,octanol,CC[S](CC)(c1ccc(Cl)cc1Cl)=[P]([O-])([O-])[O-],CCCCCCCCO,-10.87
propanoicacid,water,CC(=O)CC(=O)NC1=CC(=C(C=C1OC)OC)Cl,O,-6.47
n-octane,methylformamide,CCCCCCCC,CNC=O,-3.34
1;1;1-trifluoropropan-2-ol,water,CC(C(F)(F)F)O,O,-4.16
methylamine,octanol,CN,CCCCCCCCO,-3.78
n-octane,decane,CCCCCCCC,CCCCCCCCCC,-5.18
p-cresol,dichloroethane,CC1=CC=C(C=C1)O,CC(Cl)Cl,-7.75
aceticacid,toluene,CC(O)=O,CC1=CC=CC=C1,-4.0
n-hexane,isooctane,CCCCCC,CC(C)CC(C)(C)C,-3.08
1;4-dioxane,cyclohexane,C1COCCO1,C1CCCCC1,-4.17
o-xylene,hexane,CC1=CC=CC=C1C,CCCCCC,-5.22
propylacetate,bromooctane,CCCOC(C)=O,CCCCCCCCBr,-4.48
trichloroethene,water,C(=C(Cl)Cl)Cl,O,-0.39
methylbenzoate,octanol,COC(=O)C1=CC=CC=C1,CCCCCCCCO,-7.26
toluene,nitromethane,CC1=CC=CC=C1,C[N+](=O)[O-],-4.52
cyclopentane,water,C1CCCC1,O,1.2
hydrogensulfide,water,S,O,-0.7
ethanol,isooctane,CCO,CC(C)CC(C)(C)C,-2.44
1;4-dioxane,tetrahydrofuran,C1COCCO1,C1CCOC1,-5.17
methylacetate,pentadecane,COC(C)=O,CCCCCCCCCCCCCCC,-2.82
formaldehyde,hexanol,C=O,CCCCCCO,-3.42
methylpropanoate,decane,CCC(=O)OC,CCCCCCCCCC,-3.49
dimethyl4-nitrophenylthiophosphate,water,C[S](C)(c1ccc(cc1)[N+]([O-])=O)=[P]([O-])([O-])[O-],O,-7.62
ethanol,tetralin,CCO,C1CCC2=CC=CC=C2C1,-1.54
2-methyl-1-nitrobenzene,hexadecane,CC1=CC=CC=C1[N+](=O)[O-],CCCCCCCCCCCCCCCC,-6.52
2-butanone,toluene,CCC(=O)C,CC1=CC=CC=C1,-4.27
acetone,tetrachloroethene,CC(=O)C,C(=C(Cl)Cl)(Cl)Cl,-3.09
nitromethane,propanol,C[N+](=O)[O-],CCCO,-4.04
cyclopentanone,octanol,C1CCC(=O)C1,CCCCCCCCO,-5.01
methylcyclohexane,hexadecane,CC1CCCCC1,CCCCCCCCCCCCCCCC,-4.43
isobutylnitrate,water,CC(C)CO[N+](=O)[O-],O,-1.9
1;4-dioxane,ethanol,C1COCCO1,CCO,-4.68
toluene,hexadecyliodide,CC1=CC=CC=C1,CCCCCCCCCCCCCCCCI,-4.41
toluene,aniline,CC1=CC=CC=C1,C1=CC=C(C=C1)N,-4.57
diethylether,water,CCOCC,O,-1.76
2-butanone,carbondisulfide,CCC(=O)C,C(=S)=S,-3.85
o-cresol,octane,CC1=CC=CC=C1O,CCCCCCCC,-6.16
2-hexanone,ethylbenzene,CCCCC(=O)C,CCC1=CC=CC=C1,-5.49
trimethylamine,benzene,CN(C)C,C1=CC=CC=C1,-2.8
2-butanone,iodobenzene,CCC(=O)C,C1=CC=C(C=C1)I,-4.22
1;1;2-trichloro-1;2;2-trifluoroethane,octanol,C(C(F)(Cl)Cl)(F)(F)Cl,CCCCCCCCO,-2.54
n-octane,isopropanol,CCCCCCCC,CC(C)O,-4.5
4-methylpyridine,benzene,CC1=CC=NC=C1,C1=CC=CC=C1,-6.17
ethanol,methoxyethanol,CCO,COCCO,-4.71
acetonitrile,cyclohexane,CC#N,C1CCCCC1,-1.87
trimethylamine,xylene,CN(C)C,CC1=CC=CC=C1C,-2.63
2-butanone,dimethylsulfoxide,CCC(=O)C,CS(=O)C,-4.23
phenol,toluene,C1=CC=C(C=C1)O,CC1=CC=CC=C1,-6.93
o-cresol,pentanol,CC1=CC=CC=C1O,CCCCCO,-8.57
2-heptanone,hexane,CCCCCC(=O)C,CCCCCC,-5.36
propyne,water,CC#C,O,-0.31
1-pentanol,xylene,CCCCCO,CC1=CC=CC=C1C,-4.72
ethylacetate,octane,CCOC(=O)C,CCCCCCCC,-3.48
4-methoxybenzoicacid,octanol,COc1ccc(cc1)C(O)=O,CCCCCCCCO,-11.82
1-chloro-2;2;2-trifluoroethane,water,C(C(F)(F)F)Cl,O,0.06
2;5-dimethylpyridine,water,CC1=CN=C(C=C1)C,O,-4.72
hydrogenperoxide,isobutanol,OO,CC(C)CO,-7.93
aceticacid,diethylether,CC(O)=O,CCOCC,-6.26
1-pentanol,benzene,CCCCCO,C1=CC=CC=C1,-5.1
nitrobenzene,cyclohexane,C1=CC=C(C=C1)[N+](=O)[O-],C1CCCCC1,-6.62
fluorobenzene,octanol,C1=CC=C(C=C1)F,CCCCCCCCO,-3.87
bis(2-chloroethyl)sulfide,water,C(CCl)SCCCl,O,-3.92
nitroxyacetone,water,CC(=O)CO[N+](=O)[O-],O,-6.0
ethylacetate,cyclohexane,CCOC(=O)C,C1CCCCC1,-3.56
2-pentanone,nonane,CCCC(=O)C,CCCCCCCCC,-3.97
fluorobenzene,cyclohexane,C1=CC=C(C=C1)F,C1CCCCC1,-3.59
1;2-ethanediamine,water,C(CN)N,O,-9.72
1-propanol,xylene,CCCO,CC1=CC=CC=C1C,-3.57
1-chloropropane,hexadecane,CCCCl,CCCCCCCCCCCCCCCC,-2.86
1-hexanol,hexanol,CCCCCCO,CCCCCCO,-7.05
2-butanone,nitromethane,CCC(=O)C,C[N+](=O)[O-],-4.72
aniline,xylene,C1=CC=C(C=C1)N,CC1=CC=CC=C1C,-6.1
ethylphenylether,water,CCOc1ccccc1,O,-2.22
methylpropanoate,pentane,CCC(=O)OC,CCCCC,-3.69
toluene,methoxyethanol,CC1=CC=CC=C1,COCCO,-4.49
propylacetate,toluene,CCCOC(C)=O,CC1=CC=CC=C1,-5.0
1-propanol,iodobenzene,CCCO,C1=CC=C(C=C1)I,-3.52
dimethylamine,chlorobenzene,CNC,C1=CC=C(C=C1)Cl,-2.75
tripropylphosphate,hexane,CCCO[P](=O)(OCCC)OCCC,CCCCCC,-7.24
methylbenzoate,chloroform,COC(=O)C1=CC=CC=C1,C(Cl)(Cl)Cl,-7.81
toluene,diisopropylether,CC1=CC=CC=C1,CC(C)OC(C)C,-4.91
ethylacetate,octanol,CCOC(=O)C,CCCCCCCCO,-4.06
o-cresol,nitrobenzene,CC1=CC=CC=C1O,C1=CC=C(C=C1)[N+](=O)[O-],-8.16
1-hexanol,iodobenzene,CCCCCCO,C1=CC=C(C=C1)I,-5.71
anthracene,octanol,C1=CC=C2C=C3C=CC=CC3=CC2=C1,CCCCCCCCO,-10.47
pentylacetate,chlorobenzene,CCCCCOC(C)=O,C1=CC=C(C=C1)Cl,-6.49
1;4-dioxane,butanone,C1COCCO1,CCC(=O)C,-5.02
acetamide,diethylether,CC(=O)N,CCOCC,-6.16
1-propanol,dodecane,CCCO,CCCCCCCCCCCC,-2.74
tripropylphosphate,water,CCCO[P](=O)(OCCC)OCCC,O,-6.1
propanoicacid,isopropylbenzene,CC(=O)CC(=O)NC1=CC(=C(C=C1OC)OC)Cl,CC(C)C1=CC=CC=C1,-4.23
1-bromo-1-chloro-2;2;2-trifluoroethane,octanol,C(C(F)(F)F)(Cl)Br,CCCCCCCCO,-3.27
butanal,water,CCCC=O,O,-3.18
g-butyrolactone,toluene,C1CC(=O)OC1,CC1=CC=CC=C1,-4.7
butylamine,benzylalcohol,CCCCN,C1=CC=C(C=C1)CO,-5.15
butylacetate,hexadecane,CCCCOC(C)=O,CCCCCCCCCCCCCCCC,-4.61
3;5-dibromo-4-hydroxybenzonitrile,hexane,C1=C(C=C(C(=C1Br)O)Br)C#N,CCCCCC,-9.67
ethanol,diethylether,CCO,CCOCC,-4.41
chlorobenzene,ethanol,C1=CC=C(C=C1)Cl,CCO,-3.3
ethyne,octanol,C#C,CCCCCCCCO,-0.51
benzene,hexanol,C1=CC=CC=C1,CCCCCCO,-3.68
3-bromopropene,octanol,C=CCBr,CCCCCCCCO,-3.3
1-hexanol,diethylether,CCCCCCO,CCOCC,-6.82
m-cresol,xylene,CC1=CC(=CC=C1)O,CC1=CC=CC=C1C,-6.32
methylpropanoate,heptane,CCC(=O)OC,CCCCCCC,-3.63
p-cresol,heptane,CC1=CC=C(C=C1)O,CCCCCCC,-5.77
3;3-dimethylbutanone,perfluorobenzene,CC(=O)C(C)(C)C,C1(=C(C(=C(C(=C1F)F)F)F)F)F,-5.26
butanoicacid,isobutanol,C1=CN=C(C=C1CO)C2=NC=CC(=C2)CO,CC(C)CO,-7.62
t-butylmethylether,octanol,CC(C)(C)OC,CCCCCCCCO,-3.49
methylpentanoate,hexadecane,CCCCC(=O)OC,CCCCCCCCCCCCCCCC,-4.69
propylacetate,bromobenzene,CCCOC(C)=O,C1=CC=C(C=C1)Br,-4.93
allylalcohol,diethylether,OCC=C,CCOCC,-4.87
butanoicacid,toluene,C1=CN=C(C=C1CO)C2=NC=CC(=C2)CO,CC1=CC=CC=C1,-5.24
n-octane,acetonitrile,CCCCCCCC,CC#N,-3.57
toluene,xylene,CC1=CC=CC=C1,CC1=CC=CC=C1C,-5.06
1;4-dioxane,isooctane,C1COCCO1,CC(C)CC(C)(C)C,-4.02
benzene,hexadecane,C1=CC=CC=C1,CCCCCCCCCCCCCCCC,-3.8
3;3-dimethylbutanone,hexadecane,CC(=O)C(C)(C)C,CCCCCCCCCCCCCCCC,-3.94
m-cresol,nitrobenzene,CC1=CC(=CC=C1)O,C1=CC=C(C=C1)[N+](=O)[O-],-7.29
acetonitrile,hexadecane,CC#N,CCCCCCCCCCCCCCCC,-2.37
2-bromopropane,octanol,CC(C)Br,CCCCCCCCO,-3.4
hydrogenperoxide,acetophenone,OO,CC(=O)C1=CC=CC=C1,-7.3
phenol,octane,C1=CC=C(C=C1)O,CCCCCCCC,-5.47
1-heptanol,octane,CCCCCCCO,CCCCCCCC,-5.56
ethylbenzene,hexane,CCC1=CC=CC=C1,CCCCCC,-4.99
2-methoxyethanol,nonanol,COCCO,CCCCCCCCCO,-5.61
phenol,decanol,C1=CC=C(C=C1)O,CCCCCCCCCCO,-8.58
propylacetate,pentadecane,CCCOC(C)=O,CCCCCCCCCCCCCCC,-3.91
1;1;2-trichloroethane,water,C(C(Cl)Cl)Cl,O,-1.95
methylhexanoate,pentane,CCCCCC(=O)OC,CCCCC,-5.67
2-butanone,mesitylene,CCC(=O)C,CC1=CC(=CC(=C1)C)C,-3.95
3-methylpyridine,cyclohexane,CC1=CN=CC=C1,C1CCCCC1,-5.14
naphthalene,butylacetate,C1=CC=C2C=CC=CC2=C1,CCCCOC(C)=O,-7.59
methylacetate,decalin,COC(C)=O,C1CCC2CCCCC2C1,-2.9
ethylphenylether,cyclohexane,CCOc1ccccc1,C1CCCCC1,-6.0
n-pentane,pentane,CCCCC,CCCCC,-3.35
trimethylamine,diethylether,CN(C)C,CCOCC,-2.78
tripropylphosphate,octanol,CCCO[P](=O)(OCCC)OCCC,CCCCCCCCO,-8.65
piperazine,water,C1CNCCN1,O,-7.4
butylamine,anisole,CCCCN,COC1=CC=CC=C1,-4.44
toluene,dibutylether,CC1=CC=CC=C1,CCCCOCCCC,-4.87
dimethyl2;4;5-trichlorophenylthiophosphate,water,C[S](C)(c1cc(Cl)c(Cl)cc1Cl)=[P]([O-])([O-])[O-],O,-5.06
ethylacetate,decane,CCOC(=O)C,CCCCCCCCCC,-3.43
p-cresol,water,CC1=CC=C(C=C1)O,O,-6.14
1;4-dichlorobenzene,heptane,C1=CC(=CC=C1Cl)Cl,CCCCCCC,-5.81
1-hexyne,water,CCCCC#C,O,0.29
m-cresol,heptane,CC1=CC(=CC=C1)O,CCCCCCC,-5.01
quinoline,octanol,C1=CC=C2C(=C1)C=CC=N2,CCCCCCCCO,-8.43
nitroglycol,water,C(CO[N+](=O)[O-])O[N+](=O)[O-],O,-5.7
toluene,isopropanol,CC1=CC=CC=C1,CC(C)O,-4.38
butylacetate,pentadecane,CCCCOC(C)=O,CCCCCCCCCCCCCCC,-4.49
2-ethylpyrazine,octanol,CCC1=NC=CN=C1,CCCCCCCCO,-6.4
anisole,diethylether,COC1=CC=CC=C1,CCOCC,-5.71
dimethylether,hexadecane,COC,CCCCCCCCCCCCCCCC,-1.49
nitromethane,diethylether,C[N+](=O)[O-],CCOCC,-4.19
butylamine,octanol,CCCCN,CCCCCCCCO,-5.33
chlorobenzene,hexane,C1=CC=C(C=C1)Cl,CCCCCC,-5.14
p-bromophenol,cyclohexane,C1=CC(=CC=C1O)Br,C1CCCCC1,-7.14
2-butanone,benzene,CCC(=O)C,C1=CC=CC=C1,-4.46
pyridine,water,C1=CC=NC=C1,O,-4.7
2-heptanone,heptane,CCCCCC(=O)C,CCCCCCC,-5.22
p-bromophenol,water,C1=CC(=CC=C1O)Br,O,-7.13
benzylalcohol,benzylalcohol,C1=CC=C(C=C1)CO,C1=CC=C(C=C1)CO,-8.61
water,diisopropylether,O,CC(C)OC(C)C,-3.58
methanol,chloroform,CO,C(Cl)(Cl)Cl,-3.32
naphthalene,4methyl2pentanone,C1=CC=C2C=CC=CC2=C1,CC(C)CC(C)=O,-7.45
triethylphosphate,heptane,CCOP(=O)(OCC)OCC,CCCCCCC,-6.67
phenol,methylenechloride,C1=CC=C(C=C1)O,C(Cl)Cl,-7.5
2-pentanone,perfluorobenzene,CCCC(=O)C,C1(=C(C(=C(C(=C1F)F)F)F)F)F,-5.1
acetone,heptane,CC(=O)C,CCCCCCC,-2.61
benzaldehyde,cyclohexane,C1=CC=C(C=C1)C=O,C1CCCCC1,-5.71
2-butanone,bromoethane,CCC(=O)C,CCBr,-5.13
2-butanone,bromobenzene,CCC(=O)C,C1=CC=C(C=C1)Br,-4.37
naphthalene,cyclohexane,C1=CC=C2C=CC=CC2=C1,C1CCCCC1,-7.17
pyridine,cyclohexane,C1=CC=NC=C1,C1CCCCC1,-4.3
2-hexanone,hexane,CCCCC(=O)C,CCCCCC,-4.68
1-butanol,octane,CCCCO,CCCCCCCC,-3.69
1;4-dioxane,pyridine,C1COCCO1,C1=CC=NC=C1,-5.14
hexanoicacid,isobutanol,C1=CC=C(C=C1)C[Si](Cl)(Cl)Cl,CC(C)CO,-8.77
methylacetate,octane,COC(C)=O,CCCCCCCC,-3.06
nitromethane,iodobenzene,C[N+](=O)[O-],C1=CC=C(C=C1)I,-4.1
3;5-dibromo-4-hydroxybenzonitrile,water,C1=C(C=C(C(=C1Br)O)Br)C#N,O,-9.0
ammonia,water,N,O,-4.29
m-xylene,chloroform,CC1=CC(=CC=C1)C,C(Cl)(Cl)Cl,-5.86
n-butane,cyclohexane,CCCC,C1CCCCC1,-2.86
toluene,methylenechloride,CC1=CC=CC=C1,C(Cl)Cl,-5.53
butylamine,water,CCCCN,O,-4.29
1;2-ethanediol,ethylacetate,C(CO)O,CCOC(=O)C,-6.82
2;2;2-trifluoroethanol,octanol,C(C(F)(F)F)O,CCCCCCCCO,-4.81
1;1;2-trichloro-1;2;2-trifluoroethane,hexadecane,C(C(F)(Cl)Cl)(F)(F)Cl,CCCCCCCCCCCCCCCC,-2.89
propanoicacid,benzene,CC(=O)CC(=O)NC1=CC(=C(C=C1OC)OC)Cl,C1=CC=CC=C1,-4.75
diiodomethane,water,C(I)I,O,-2.49
hydrogenperoxide,diisopropylether,OO,CC(C)OC(C)C,-6.72
methylamine,isobutanol,CN,CC(C)CO,-4.56
ethanol,anisole,CCO,COC1=CC=CC=C1,-3.59
E-1;2-dichloroethene,octanol,C(=C/Cl)\Cl,CCCCCCCCO,-3.61
ethylphenylether,octanol,CCOc1ccccc1,CCCCCCCCO,-5.65
methylpentanoate,isopropyltoluene,CCCCC(=O)OC,CC1=CC=C(C=C1)C(C)C,-5.33
p-bromophenol,benzene,C1=CC(=CC=C1O)Br,C1=CC=CC=C1,-8.81
ethene,hexadecane,C=C,CCCCCCCCCCCCCCCC,-0.39
bromoethane,octanol,CCBr,CCCCCCCCO,-2.9
methylacetate,isopropyltoluene,COC(C)=O,CC1=CC=C(C=C1)C(C)C,-3.32
1-propanol,hexadecane,CCCO,CCCCCCCCCCCCCCCC,-2.77
2-heptanone,decane,CCCCCC(=O)C,CCCCCCCCCC,-5.18
hexanoicacid,toluene,C1=CC=C(C=C1)C[Si](Cl)(Cl)Cl,CC1=CC=CC=C1,-6.97
methylamine,4methyl2pentanone,CN,CC(C)CC(C)=O,-4.14
pentylacetate,perfluorobenzene,CCCCCOC(C)=O,C1(=C(C(=C(C(=C1F)F)F)F)F)F,-6.16
methanol,chlorobenzene,CO,C1=CC=C(C=C1)Cl,-2.44
5-bromouracil,chloroform,C1=C(C(=O)NC(=O)N1)Br,C(Cl)(Cl)Cl,-15.03
1-iodopentane,hexadecane,CCCCCI,CCCCCCCCCCCCCCCC,-5.63
methylhexanoate,dichloroethane,CCCCCC(=O)OC,CC(Cl)Cl,-6.57
acetonitrile,acetonitrile,CC#N,CC#N,-4.85
diethylamine,diethylether,CCNCC,CCOCC,-3.83
3-methylaniline,heptane,CC1=CC(=CC=C1)N,CCCCCCC,-6.35
o-xylene,octanol,CC1=CC=CC=C1C,CCCCCCCCO,-5.07
butanoicacid,butanol,C1=CN=C(C=C1CO)C2=NC=CC(=C2)CO,CCCCO,-7.66
benzamide,octanol,C1=CC=C(C=C1)C(=O)N,CCCCCCCCO,-11.77
o-xylene,chloroform,CC1=CC=CC=C1C,C(Cl)(Cl)Cl,-6.23
aniline,decalin,C1=CC=C(C=C1)N,C1CCC2CCCCC2C1,-5.78
nitrobenzene,hexadecane,C1=CC=C(C=C1)[N+](=O)[O-],CCCCCCCCCCCCCCCC,-6.22
1-butanol,toluene,CCCCO,CC1=CC=CC=C1,-4.31
p-cresol,chloroform,CC1=CC=C(C=C1)O,C(Cl)(Cl)Cl,-7.59
aceticacid,benzylalcohol,CC(O)=O,C1=CC=C(C=C1)CO,-6.96
acetonitrile,octanol,CC#N,CCCCCCCCO,-3.15
3-chloropropene,hexadecane,C=CCCl,CCCCCCCCCCCCCCCC,-2.88
nitromethane,tetrahydrofuran,C[N+](=O)[O-],C1CCOC1,-5.09
propylamine,heptanol,CCCN,CCCCCCCO,-4.8
3-methylpyridine,hexadecane,CC1=CN=CC=C1,CCCCCCCCCCCCCCCC,-4.91
1-propanol,bromobenzene,CCCO,C1=CC=C(C=C1)Br,-3.74
butylamine,secbutanol,CCCCN,CCC(C)O,-5.52
water,methylenechloride,O,C(Cl)Cl,-2.63
m-xylene,water,CC1=CC(=CC=C1)C,O,-0.84
2-chloropropane,octanol,CC(C)Cl,CCCCCCCCO,-2.84
2-butanone,tetralin,CCC(=O)C,C1CCC2=CC=CC=C2C1,-3.12
1-nitrobutane,octanol,CCCC[N+](=O)[O-],CCCCCCCCO,-5.11
2;6-dichlorobenzonitrile,water,C1=CC(=C(C(=C1)Cl)C#N)Cl,O,-5.22
ethanol,tributylphosphate,CCO,CCCCOP(=O)(OCCCC)OCCCC,-4.57
1-bromo-isobutane,water,CC(C)CBr,O,-0.03
1;4-dioxane,octanol,C1COCCO1,CCCCCCCCO,-4.89
chloromethane,water,CCl,O,-0.56
dimethyldisulfide,water,CSSC,O,-1.83
1;2-dichlorobenzene,heptane,C1=CC=C(C(=C1)Cl)Cl,CCCCCCC,-6.01
dipropylsulfide,water,CCCSCCC,O,-1.27
formaldehyde,chloroform,C=O,C(Cl)(Cl)Cl,0.12
tetrachloroethene,tetrachloroethene,C(=C(Cl)Cl)(Cl)Cl,C(=C(Cl)Cl)(Cl)Cl,-5.39
methylacetate,xylene,COC(C)=O,CC1=CC=CC=C1C,-3.7
morpholine,chloroform,C1COCCN1,C(Cl)(Cl)Cl,-6.72
aceticacid,secbutanol,CC(O)=O,CCC(C)O,-6.81
hydrogenperoxide,nitrobenzene,OO,C1=CC=C(C=C1)[N+](=O)[O-],-5.45
phenol,butylacetate,C1=CC=C(C=C1)O,CCCCOC(C)=O,-8.96
dipropylamine,isobutanol,CCCNCCC,CC(C)CO,-5.87
fluorobenzene,heptane,C1=CC=C(C=C1)F,CCCCCCC,-4.13
bromoform,undecane,C(Br)(Br)Br,CCCCCCCCCCC,-4.84
propylamine,chlorobenzene,CCCN,C1=CC=C(C=C1)Cl,-3.59
iodobenzene,water,C1=CC=C(C=C1)I,O,-1.73
butanal,isooctane,CCCC=O,CC(C)CC(C)(C)C,-3.45
p-bromophenol,heptanol,C1=CC(=CC=C1O)Br,CCCCCCCO,-10.49
butanoicacid,dichloroethane,C1=CN=C(C=C1CO)C2=NC=CC(=C2)CO,CC(Cl)Cl,-5.83
cyclohexane,water,C1CCCCC1,O,1.23
pyridine,chloroform,C1=CC=NC=C1,C(Cl)(Cl)Cl,-6.45
chlorobenzene,decalin,C1=CC=C(C=C1)Cl,C1CCC2CCCCC2C1,-4.61
acetylsalicylicacid,octanol,CC(=O)OC1=CC=CC=C1C(=O)O,CCCCCCCCO,-11.56
1;4-dioxane,ethoxybenzene,C1COCCO1,CCOC1=CC=CC=C1,-4.87
2;2;4-trimethylpentane,hexadecane,CC(C)CC(C)(C)C,CCCCCCCCCCCCCCCC,-4.24
p-cresol,iodobenzene,CC1=CC=C(C=C1)O,C1=CC=C(C=C1)I,-7.01
n-octane,ethanol,CCCCCCCC,CCO,-4.23
n-octane,dimethylacetamide,CCCCCCCC,CC(=O)N(C)C,-3.94
methylacetate,hexadecane,COC(C)=O,CCCCCCCCCCCCCCCC,-2.67
pentanoicacid,octanol,CCCCC(O)=O,CCCCCCCCO,-8.22
cyclopentanol,hexadecane,C1CCC(C1)O,CCCCCCCCCCCCCCCC,-4.42
trimethylamine,octanol,CN(C)C,CCCCCCCCO,-3.6
2-butanone,pyridine,CCC(=O)C,C1=CC=NC=C1,-4.61
1-heptanol,toluene,CCCCCCCO,CC1=CC=CC=C1,-6.75
diethyl4-nitrophenylthiophosphonate,benzene,CC[S](CC)=[P]([O-])([O-])c1ccc(cc1)[N+]([O-])=O,C1=CC=CC=C1,-8.58
nitromethane,fluorobenzene,C[N+](=O)[O-],C1=CC=C(C=C1)F,-4.62
pentylacetate,pentane,CCCCCOC(C)=O,CCCCC,-5.62
ethanol,hexadecane,CCO,CCCCCCCCCCCCCCCC,-2.03
pentanoicacid,chloroform,CCCCC(O)=O,C(Cl)(Cl)Cl,-6.61
1-butyne,water,CCC#C,O,-0.16
dichloroethane,dichloroethane,CC(Cl)Cl,CC(Cl)Cl,-4.69
3;3-dimethylbutanone,water,CC(=O)C(C)(C)C,O,-2.89
ethylamine,nonane,CCN,CCCCCCCCC,-1.98
cyclopentane,hexadecane,C1CCCC1,CCCCCCCCCCCCCCCC,-3.38
methanol,tributylphosphate,CO,CCCCOP(=O)(OCCCC)OCCCC,-4.16
nitromethane,benzonitrile,C[N+](=O)[O-],C1=CC=C(C=C1)C#N,-5.05
methylbenzoate,toluene,COC(=O)C1=CC=CC=C1,CC1=CC=CC=C1,-7.96
4-methylpyridine,water,CC1=CC=NC=C1,O,-4.94
dimethyl4-bromo-2;5-dichlorophenylthiophosphate,water,C[S](C)(c1cc(Cl)c(Br)cc1Cl)=[P]([O-])([O-])[O-],O,-5.7
acetone,xylene,CC(=O)C,CC1=CC=CC=C1C,-3.26
1-hexanol,octane,CCCCCCO,CCCCCCCC,-4.86
cyanuricacid,octanol,O=C1NC(=O)NC(=O)N1,CCCCCCCCO,-18.89
dimethylamine,water,CNC,O,-4.29
acetophenone,diethylether,CC(=O)C1=CC=CC=C1,CCOCC,-6.79
iodobenzene,hexadecane,C1=CC=C(C=C1)I,CCCCCCCCCCCCCCCC,-6.25
2;2'-dichlorobiphenyl,octanol,C1=CC=C(C(=C1)C2=CC=CC=C2Cl)Cl,CCCCCCCCO,-9.41
propylacetate,ethylbenzene,CCCOC(C)=O,CCC1=CC=CC=C1,-4.95
propanoicacid,4methyl2pentanone,CC(=O)CC(=O)NC1=CC(=C(C=C1OC)OC)Cl,CC(C)CC(C)=O,-6.85
n-hexane,octanol,CCCCCC,CCCCCCCCO,-3.01
ethanol,octane,CCO,CCCCCCCC,-2.15
iodobenzene,diethylether,C1=CC=C(C=C1)I,CCOCC,-6.64
1-hexanol,dibromoethane,CCCCCCO,CC(Br)Br,-6.08
aniline,octane,C1=CC=C(C=C1)N,CCCCCCCC,-4.84
benzamide,benzene,C1=CC=C(C=C1)C(=O)N,C1=CC=CC=C1,-9.93
ethylacetate,ethylacetate,CCOC(=O)C,CCOC(=O)C,-4.46
benzene,chloroform,C1=CC=CC=C1,C(Cl)(Cl)Cl,-4.64
isopropanol,octanol,CC(C)O,CCCCCCCCO,-4.62
butylacetate,pentane,CCCCOC(C)=O,CCCCC,-4.88
octafluorocyclobutane,water,C1(C(C(C1(F)F)(F)F)(F)F)(F)F,O,3.43
pyridine,4methyl2pentanone,C1=CC=NC=C1,CC(C)CC(C)=O,-5.33
pentanoicacid,pentanol,CCCCC(O)=O,CCCCCO,-8.17
pentanoicacid,butanol,CCCCC(O)=O,CCCCO,-8.02
uracil,octanol,C1=CNC(=O)NC1=O,CCCCCCCCO,-15.13
butylamine,undecane,CCCCN,CCCCCCCCCCC,-3.55
methanol,hexane,CO,CCCCCC,-1.49
nitromethane,nitromethane,C[N+](=O)[O-],C[N+](=O)[O-],-5.38
1-hexanol,nonane,CCCCCCO,CCCCCCCCC,-4.97
2-pentanone,ethylbenzene,CCCC(=O)C,CCC1=CC=CC=C1,-4.85
triethylphosphate,cyclohexane,CCOP(=O)(OCC)OCC,C1CCCCC1,-7.6
pentylacetate,decane,CCCCCOC(C)=O,CCCCCCCCCC,-5.31
bromoform,bromoform,C(Br)(Br)Br,C(Br)(Br)Br,-6.21
1-butanol,chlorobenzene,CCCCO,C1=CC=C(C=C1)Cl,-4.31
2-methylaniline,heptane,CC1=CC=CC=C1N,CCCCCCC,-6.28
ethylamine,octanol,CCN,CCCCCCCCO,-4.09
methylacetate,secbutylbenzene,COC(C)=O,CCC(C)C1=CC=CC=C1,-3.91
1-bromopentane,hexadecane,CCCCCBr,CCCCCCCCCCCCCCCC,-4.93
aceticacid,decalin,CC(O)=O,C1CCC2CCCCC2C1,-4.49
1-butanol,bromobenzene,CCCCO,C1=CC=C(C=C1)Br,-4.08
quinoline,chloroform,C1=CC=C2C(=C1)C=CC=N2,C(Cl)(Cl)Cl,-10.23
ethylacetate,heptane,CCOC(=O)C,CCCCCCC,-3.5
2-methylpyrazine,octane,CC1=NC=CN=C1,CCCCCCCC,-4.7
aceticacid,cyclohexane,CC(O)=O,C1CCCCC1,-1.73
1;4-dioxane,nitromethane,C1COCCO1,C[N+](=O)[O-],-5.46
ethylacetate,decalin,CCOC(=O)C,C1CCC2CCCCC2C1,-3.47
methylacetate,hexane,COC(C)=O,CCCCCC,-3.12
1;4-dichlorobenzene,chloroform,C1=CC(=CC=C1Cl)Cl,C(Cl)(Cl)Cl,-6.32
1-pentanol,decane,CCCCCO,CCCCCCCCCC,-3.92
methylamine,water,CN,O,-4.56
pentylacetate,secbutylbenzene,CCCCCOC(C)=O,CCC(C)C1=CC=CC=C1,-5.98
3-chloropropene,water,C=CCCl,O,-0.57
g-butyrolactone,ethanol,C1CC(=O)OC1,CCO,-4.58
1;1-diethoxyethane,water,CCOC(C)OCC,O,-3.28
methanol,hexadecane,CO,CCCCCCCCCCCCCCCC,-1.32
toluene,iodobenzene,CC1=CC=CC=C1,C1=CC=C(C=C1)I,-4.99
1-propanol,pentane,CCCO,CCCCC,-2.76
methylpropanoate,dichloroethane,CCC(=O)OC,CC(Cl)Cl,-4.87
toluene,water,CC1=CC=CC=C1,O,-0.89
toluene,benzylalcohol,CC1=CC=CC=C1,C1=CC=C(C=C1)CO,-4.46
phenol,water,C1=CC=C(C=C1)O,O,-6.62
propylamine,octanol,CCCN,CCCCCCCCO,-4.77
benzamide,chloroform,C1=CC=C(C=C1)C(=O)N,C(Cl)(Cl)Cl,-11.06
toluene,dimethylsulfoxide,CC1=CC=CC=C1,CS(=O)C,-4.42
propylamine,decanol,CCCN,CCCCCCCCCCO,-4.59
1;4-dioxane,chlorobenzene,C1COCCO1,C1=CC=C(C=C1)Cl,-5.08
methylamine,chloroform,CN,C(Cl)(Cl)Cl,-3.17
pentanoicacid,benzene,CCCCC(O)=O,C1=CC=CC=C1,-6.01
benzene,pentanol,C1=CC=CC=C1,CCCCCO,-3.53
p-cresol,xylene,CC1=CC=C(C=C1)O,CC1=CC=CC=C1C,-7.18
3-methylaniline,benzene,CC1=CC(=CC=C1)N,C1=CC=CC=C1,-7.61
ethanol,methylformamide,CCO,CNC=O,-5.12
2-heptanone,nonane,CCCCCC(=O)C,CCCCCCCCC,-5.24
methylamine,pentanol,CN,CCCCCO,-3.95
ethyne,water,C#C,O,-0.01
3-methylaniline,water,CC1=CC(=CC=C1)N,O,-5.67
pyridine,diethylether,C1=CC=NC=C1,CCOCC,-4.81
naphthalene,octanol,C1=CC=C2C=CC=CC2=C1,CCCCCCCCO,-6.97
toluene,carbondisulfide,CC1=CC=CC=C1,C(=S)=S,-5.39
o-cresol,octanol,CC1=CC=CC=C1O,CCCCCCCCO,-8.49
1;4;5;8-tetraminoanthraquinone,water,C1=CC(=C2C(=C1N)C(=O)C3=C(C=CC(=C3C2=O)N)N)N,O,-8.9
butanoicacid,heptane,C1=CN=C(C=C1CO)C2=NC=CC(=C2)CO,CCCCCCC,-5.05
benzene,undecane,C1=CC=CC=C1,CCCCCCCCCCC,-4.05
methylacetate,pentane,COC(C)=O,CCCCC,-3.13
tetramethylsilane,water,C[Si](C)(C)C,O,3.04
4-methylpyridine,chloroform,CC1=CC=NC=C1,C(Cl)(Cl)Cl,-7.5
isopropanol,chloroform,CC(C)O,C(Cl)(Cl)Cl,-4.28
methylisopropylether,octanol,COC(C)C,CCCCCCCCO,-4.64
difluorodichloromethane,water,C(F)(F)(Cl)Cl,O,1.69
2-bromopropane,hexadecane,CC(C)Br,CCCCCCCCCCCCCCCC,-3.26
2-butanone,heptane,CCC(=O)C,CCCCCCC,-3.36
nitromethane,diisopropylether,C[N+](=O)[O-],CC(C)OC(C)C,-3.9
n-octane,octanol,CCCCCCCC,CCCCCCCCO,-4.18
naphthalene,chloroform,C1=CC=C2C=CC=CC2=C1,C(Cl)(Cl)Cl,-7.89
benzaldehyde,water,C1=CC=C(C=C1)C=O,O,-4.02
ethanol,pentane,CCO,CCCCC,-2.15
trimethylamine,4methyl2pentanone,CN(C)C,CC(C)CC(C)=O,-2.86
ethanol,heptane,CCO,CCCCCCC,-2.15
propylamine,bromobenzene,CCCN,C1=CC=C(C=C1)Br,-3.57
2-hexanone,butylbenzene,CCCCC(=O)C,CCCCC1=CC=CC=C1,-5.31
1;1-difluoroethane,octanol,CC(F)F,CCCCCCCCO,-1.13
1-hexanol,toluene,CCCCCCO,CC1=CC=CC=C1,-6.12
phenol,heptane,C1=CC=C(C=C1)O,CCCCCCC,-5.32
phenol,butylbenzene,C1=CC=C(C=C1)O,CCCCC1=CC=CC=C1,-6.76
water,ethylacetate,O,CCOC(=O)C,-4.26
2-butanone,benzonitrile,CCC(=O)C,C1=CC=C(C=C1)C#N,-4.58
nitromethane,chlorobenzene,C[N+](=O)[O-],C1=CC=C(C=C1)Cl,-4.32
acetaldehyde,water,CC=O,O,-3.5
toluene,tetrahydrofuran,CC1=CC=CC=C1,C1CCOC1,-5.5
4-nitroaniline,octanol,C1=CC(=CC=C1N)[N+](=O)[O-],CCCCCCCCO,-11.35
pentylacetate,decalin,CCCCCOC(C)=O,C1CCC2CCCCC2C1,-5.44
benzonitrile,benzonitrile,C1=CC=C(C=C1)C#N,C1=CC=C(C=C1)C#N,-7.28
p-hydroxybenzaldehyde,benzene,C1=CC(=CC=C1C=O)O,C1=CC=CC=C1,-9.73
4-methylaniline,cyclohexane,CC1=CC=C(C=C1)N,C1CCCCC1,-6.3
toluene,butanone,CC1=CC=CC=C1,CCC(=O)C,-5.06
dipropylamine,diethylether,CCCNCCC,CCOCC,-4.96
methyloctanoate,water,CCCCCCCC(=O)OC,O,-2.04
methylpropanoate,trimethylbenzene,CCC(=O)OC,CC1=C(C(=CC=C1)C)C,-4.14
ethylbenzene,chloroform,CCC1=CC=CC=C1,C(Cl)(Cl)Cl,-5.84
ethanol,isopropylbenzene,CCO,CC(C)C1=CC=CC=C1,-2.9
ethyl4-cyanophenylphenylthiophosphonate,octanol,CC[S](c1ccc(cc1)C#N)=[P]([O-])([O-])c2ccccc2,CCCCCCCCO,-11.06
toluene,nonanol,CC1=CC=CC=C1,CCCCCCCCCO,-4.34
butanoicacid,diethylether,C1=CN=C(C=C1CO)C2=NC=CC(=C2)CO,CCOCC,-7.32
nitromethane,ethylacetate,C[N+](=O)[O-],CCOC(=O)C,-5.06
1-heptanol,bromoform,CCCCCCCO,C(Br)(Br)Br,-7.1
ethylbenzene,decane,CCC1=CC=CC=C1,CCCCCCCCCC,-5.25
thiophene,heptane,C1=CSC=C1,CCCCCCC,-4.09
thioanisole,cyclohexane,CSC1=CC=CC=C1,C1CCCCC1,-5.66
ethanol,propanol,CCO,CCCO,-5.01
propanal,octanol,CCC=O,CCCCCCCCO,-4.13
methanol,dichloroethane,CO,CC(Cl)Cl,-2.53
1;4-dioxane,2methylpyridine,C1COCCO1,Cc1ccccn1,-5.01
chlorotoluene,water,Cc1ccccc1Cl,O,-1.92
anisole,cyclohexane,COC1=CC=CC=C1,C1CCCCC1,-5.38
methylhexanoate,isopropyltoluene,CCCCCC(=O)OC,CC1=CC=C(C=C1)C(C)C,-6.06
2-methylpyridine,2methylpyridine,CC1=CC=CC=N1,Cc1ccccn1,-5.71
1;2-dinitroxypropane,water,CC(CO[N+]([O-])=O)O[N+]([O-])=O,O,-5.0
pyrrolidine,water,C1CCNC1,O,-5.48
anisole,decalin,COC1=CC=CC=C1,C1CCC2CCCCC2C1,-5.0
2-butanone,butanone,CCC(=O)C,CCC(=O)C,-4.5
dimethylamine,hexadecane,CNC,CCCCCCCCCCCCCCCC,-2.18
hydrogenperoxide,cyclohexanone,OO,C1CCC(=O)CC1,-9.11
1-pentanol,butylacetate,CCCCCO,CCCCOC(C)=O,-5.78
1-propanol,heptane,CCCO,CCCCCCC,-3.01
1-butene,octanol,CCC=C,CCCCCCCCO,-1.89
iodoethane,hexadecane,CCI,CCCCCCCCCCCCCCCC,-3.51
1-chloropropane,octanol,CCCCl,CCCCCCCCO,-3.06
2-heptanone,tetralin,CCCCCC(=O)C,C1CCC2=CC=CC=C2C1,-5.33
butanoicacid,ethylacetate,C1=CN=C(C=C1CO)C2=NC=CC(=C2)CO,CCOC(=O)C,-7.34
propanoicacid,toluene,CC(=O)CC(=O)NC1=CC(=C(C=C1OC)OC)Cl,CC1=CC=CC=C1,-4.57
2-pentanone,xylene,CCCC(=O)C,CC1=CC=CC=C1C,-4.87
methylacetate,carbondisulfide,COC(C)=O,C(=S)=S,-3.67
pentanoicacid,dichloroethane,CCCCC(O)=O,CC(Cl)Cl,-6.47
3;3-dimethylbutanone,xylene,CC(=O)C(C)(C)C,CC1=CC=CC=C1C,-4.91
2-methoxyethanol,octanol,COCCO,CCCCCCCCO,-5.83
aniline,chlorobenzene,C1=CC=C(C=C1)N,C1=CC=C(C=C1)Cl,-6.72
methylpropanoate,isopropyltoluene,CCC(=O)OC,CC1=CC=C(C=C1)C(C)C,-4.14
1-nitropropane,octanol,CCC[N+](=O)[O-],CCCCCCCCO,-4.44
methanol,diethylether,CO,CCOCC,-3.61
ethylbenzene,water,CCC1=CC=CC=C1,O,-0.8
hydrogenperoxide,chloroform,OO,C(Cl)(Cl)Cl,-4.7
methylpentanoate,decane,CCCCC(=O)OC,CCCCCCCCCC,-4.77
methylpropanoate,xylene,CCC(=O)OC,CC1=CC=CC=C1C,-4.2
1-propanol,dibromoethane,CCCO,CC(Br)Br,-3.82
2-hexanone,octanol,CCCCC(=O)C,CCCCCCCCO,-5.02
propanoicacid,nitrobenzene,CC(=O)CC(=O)NC1=CC(=C(C=C1OC)OC)Cl,C1=CC=C(C=C1)[N+](=O)[O-],-5.38
formaldehyde,butanone,C=O,CCC(=O)C,-1.77
3-methylaniline,octane,CC1=CC(=CC=C1)N,CCCCCCCC,-6.15
methylcyclohexane,hexadecyliodide,CC1CCCCC1,CCCCCCCCCCCCCCCCI,-4.07
dipropylamine,toluene,CCCNCCC,CC1=CC=CC=C1,-5.24
m-cresol,octane,CC1=CC(=CC=C1)O,CCCCCCCC,-5.19
methanol,benzene,CO,C1=CC=CC=C1,-2.58
aceticacid,aceticacid,CC(O)=O,CC(O)=O,-5.3
ethylbenzene,hexanol,CCC1=CC=CC=C1,CCCCCCO,-4.54
1;4-dioxane,benzylalcohol,C1COCCO1,C1=CC=C(C=C1)CO,-5.39
1;4-dioxane,cyclohexanone,C1COCCO1,C1CCC(=O)CC1,-4.95
acetophenone,dodecane,CC(=O)C1=CC=CC=C1,CCCCCCCCCCCC,-6.11
pentylamine,xylene,CCCCCN,CC1=CC=CC=C1C,-4.7
aceticacid,benzene,CC(O)=O,C1=CC=CC=C1,-4.02
phenol,iodobenzene,C1=CC=C(C=C1)O,C1=CC=C(C=C1)I,-6.76
1;4-dioxane,phenylether,C1COCCO1,O(c1ccccc1)c2ccccc2,-4.83
1-bromopropane,water,CCCBr,O,-0.56
methylpentanoate,octanol,CCCCC(=O)OC,CCCCCCCCO,-5.13
methylacetate,nonane,COC(C)=O,CCCCCCCCC,-3.02
butylacetate,cyclohexane,CCCCOC(C)=O,C1CCCCC1,-4.94
nitrobenzene,water,C1=CC=C(C=C1)[N+](=O)[O-],O,-4.12
m-bis(trifluoromethyl)benzene,water,C1=CC(=CC(=C1)C(F)(F)F)C(F)(F)F,O,1.07
propanoicacid,secbutanol,CC(=O)CC(=O)NC1=CC(=C(C=C1OC)OC)Cl,CCC(C)O,-7.0
ethanol,octanol,CCO,CCCCCCCCO,-4.36
1-heptanol,xylene,CCCCCCCO,CC1=CC=CC=C1C,-6.74
butylacetate,chloroform,CCCCOC(C)=O,C(Cl)(Cl)Cl,-6.71
hydrogenperoxide,diethylether,OO,CCOCC,-7.03
p-cresol,octanol,CC1=CC=C(C=C1)O,CCCCCCCCO,-8.84
1;2-dimethoxyethane,hexadecane,COCCOC,CCCCCCCCCCCCCCCC,-3.63
propanal,hexadecane,CCC=O,CCCCCCCCCCCCCCCC,-2.48
chloroethane,octanol,CCCl,CCCCCCCCO,-2.58
methylpentanoate,isopropylbenzene,CCCCC(=O)OC,CC(C)C1=CC=CC=C1,-5.45
butylamine,perfluorobenzene,CCCCN,C1(=C(C(=C(C(=C1F)F)F)F)F)F,-4.13
2;2-dimethylpropane,octanol,CC(C)(C)C,CCCCCCCCO,-1.74
ethylacetate,dichloroethane,CCOC(=O)C,CC(Cl)Cl,-4.93
pentylacetate,chloroform,CCCCCOC(C)=O,C(Cl)(Cl)Cl,-7.36
bromobenzene,water,C1=CC=C(C=C1)Br,O,-1.46
m-cresol,hexanol,CC1=CC(=CC=C1)O,CCCCCCO,-8.42
p-cresol,benzene,CC1=CC=C(C=C1)O,C1=CC=CC=C1,-7.35
toluene,acetonitrile,CC1=CC=CC=C1,CC#N,-4.68
methylamine,toluene,CN,CC1=CC=CC=C1,-2.65
N;N-dimethylformamide,cyclohexane,CN(C)C=O,C1CCCCC1,-3.82
aniline,diethylether,C1=CC=C(C=C1)N,CCOCC,-6.51
1;4-dioxane,anisole,C1COCCO1,COC1=CC=CC=C1,-5.06
pyridine,dibutylether,C1=CC=NC=C1,CCCCOCCCC,-4.65
propanoicacid,chlorobenzene,CC(=O)CC(=O)NC1=CC(=C(C=C1OC)OC)Cl,C1=CC=C(C=C1)Cl,-4.38
dimethylamine,diethylether,CNC,CCOCC,-2.63
1;1;2-trichloroethane,octanol,C(C(Cl)Cl)Cl,CCCCCCCCO,-4.53
1-pentanol,dibromoethane,CCCCCO,CC(Br)Br,-5.44
phenol,4methyl2pentanone,C1=CC=C(C=C1)O,CC(C)CC(C)=O,-9.38
piperidine,isobutanol,C1CCNCC1,CC(C)CO,-6.17
dimethylsulfoxide,dimethylsulfoxide,CS(=O)C,CS(=O)C,-7.63
hexanoicacid,hexadecane,C1=CC=C(C=C1)C[Si](Cl)(Cl)Cl,CCCCCCCCCCCCCCCC,-5.35
1-pentanol,chloroform,CCCCCO,C(Cl)(Cl)Cl,-5.9
aceticacid,aniline,CC(O)=O,C1=CC=C(C=C1)N,-6.3
n-pentane,water,CCCCC,O,2.33
2-methylpyridine,benzene,CC1=CC=CC=N1,C1=CC=CC=C1,-5.86
acetone,chloroform,CC(=O)C,C(Cl)(Cl)Cl,-4.42
propionitrile,hexadecane,CCC#N,CCCCCCCCCCCCCCCC,-2.84
ethanol,butylacetate,CCO,CCCCOC(C)=O,-3.97
propanoicacid,butanol,CC(=O)CC(=O)NC1=CC(=C(C=C1OC)OC)Cl,CCCCO,-7.17
bromotoluene,hexadecane,CC1=CC=CC=C1Br,CCCCCCCCCCCCCCCC,-6.36
2;3-dichlorobiphenyl,octanol,C1=CC=C(C=C1)C2=C(C(=CC=C2)Cl)Cl,CCCCCCCCO,-9.23
benzene,octanol,C1=CC=CC=C1,CCCCCCCCO,-3.72
toluene,dimethylpyridine,CC1=CC=CC=C1,CC1=C(N=CC=C1)C,-5.03
fluoroethane,hexadecane,CCF,CCCCCCCCCCCCCCCC,-0.76
methylacetate,octanol,COC(C)=O,CCCCCCCCO,-3.54
n-pentane,octanol,CCCCC,CCCCCCCCO,-2.45
N-methylaniline,water,CNC1=CC=CC=C1,O,-4.68
anisole,chloroform,COC1=CC=CC=C1,C(Cl)(Cl)Cl,-6.24
3;5-dibromo-4-hydroxybenzonitrile,cyclohexane,C1=C(C=C(C(=C1Br)O)Br)C#N,C1CCCCC1,-6.83
pentanoicacid,butanone,CCCCC(O)=O,CCC(=O)C,-7.54
hydrogenperoxide,dibutylether,OO,CCCCOCCCC,-5.75
anthracene,water,C1=CC=C2C=C3C=CC=CC3=CC2=C1,O,-4.23
methylhexanoate,nonane,CCCCCC(=O)OC,CCCCCCCCC,-5.51
n-octane,cyclohexanone,CCCCCCCC,C1CCC(=O)CC1,-4.57
methanol,water,CO,O,-5.11
chlorobenzene,decane,C1=CC=C(C=C1)Cl,CCCCCCCCCC,-4.93
allylalcohol,octanol,OCC=C,CCCCCCCCO,-5.27
methylpentanoate,nonane,CCCCC(=O)OC,CCCCCCCCC,-4.85
N-methylaniline,hexadecane,CNC1=CC=CC=C1,CCCCCCCCCCCCCCCC,-6.19
methylhexanoate,pentadecane,CCCCCC(=O)OC,CCCCCCCCCCCCCCC,-5.35
n-pentane,benzene,CCCCC,C1=CC=CC=C1,-2.99
nitromethane,octanol,C[N+](=O)[O-],CCCCCCCCO,-3.51
ethylacetate,benzene,CCOC(=O)C,C1=CC=CC=C1,-4.53
propylacetate,dichloroethane,CCCOC(C)=O,CC(Cl)Cl,-5.4
1;4-dioxane,triethylamine,C1COCCO1,CCN(CC)CC,-4.41
allylalcohol,water,OCC=C,O,-5.08
nitromethane,carbondisulfide,C[N+](=O)[O-],C(=S)=S,-3.3
1;4-dichlorobenzene,water,C1=CC(=CC=C1Cl)Cl,O,-1.01
ethylacetate,chloroform,CCOC(=O)C,C(Cl)(Cl)Cl,-5.58
cyclohexane,octanol,C1CCCCC1,CCCCCCCCO,-3.46
1;4-dioxane,nitroethane,C1COCCO1,CC[N+](=O)[O-],-5.28
2-pentanone,octanol,CCCC(=O)C,CCCCCCCCO,-4.35
4-methylaniline,ethylacetate,CC1=CC=C(C=C1)N,CCOC(=O)C,-7.63
methylpentanoate,hexane,CCCCC(=O)OC,CCCCCC,-4.94
secbutanol,secbutanol,CCC(C)O,CCC(C)O,-5.48
nitrobenzene,benzene,C1=CC=C(C=C1)[N+](=O)[O-],C1=CC=CC=C1,-7.6
n-octane,aniline,CCCCCCCC,C1=CC=C(C=C1)N,-3.48
dimethyl4-nitrophenylthiophosphate,benzene,C[S](C)(c1ccc(cc1)[N+]([O-])=O)=[P]([O-])([O-])[O-],C1=CC=CC=C1,-9.21
toluene,butanol,CC1=CC=CC=C1,CCCCO,-4.5
butylamine,octane,CCCCN,CCCCCCCC,-3.44
n-octane,anisole,CCCCCCCC,COC1=CC=CC=C1,-4.62
m-cresol,decalin,CC1=CC(=CC=C1)O,C1CCC2CCCCC2C1,-5.11
1-propanol,benzene,CCCO,C1=CC=CC=C1,-3.87
1-pentyne,octanol,CCCC#C,CCCCCCCCO,-2.79
methylpentanoate,water,CCCCC(=O)OC,O,-2.57
water,xylene,O,CC1=CC=CC=C1C,-1.56
ethylacetate,nonane,CCOC(=O)C,CCCCCCCCC,-3.45
bromoethane,bromoethane,CCBr,CCBr,-3.67
1;4-dioxane,benzonitrile,C1COCCO1,C1=CC=C(C=C1)C#N,-5.14
1-butanol,heptane,CCCCO,CCCCCCC,-3.66
2-butanone,dimethylpyridine,CCC(=O)C,CC1=C(N=CC=C1)C,-4.34
4-methylaniline,benzene,CC1=CC=C(C=C1)N,C1=CC=CC=C1,-7.59
acetone,benzene,CC(=O)C,C1=CC=CC=C1,-3.79
2;2-dimethylpropane,water,CC(C)(C)C,O,2.5
ethyl4-cyanophenylphenylthiophosphonate,water,CC[S](c1ccc(cc1)C#N)=[P]([O-])([O-])c2ccccc2,O,-5.1
cyclohexanone,cyclohexanone,C1CCC(=O)CC1,C1CCC(=O)CC1,-6.25
p-cresol,hexadecane,CC1=CC=C(C=C1)O,CCCCCCCCCCCCCCCC,-5.88
p-xylene,octanol,CC1=CC=C(C=C1)C,CCCCCCCCO,-5.19
cyclopropane,hexadecane,C1CC1,CCCCCCCCCCCCCCCC,-1.78
methylacetate,bromobenzene,COC(C)=O,C1=CC=C(C=C1)Br,-3.87
1-heptanol,butylacetate,CCCCCCCO,CCCCOC(C)=O,-7.14
butanoicacid,isopropylbenzene,C1=CN=C(C=C1CO)C2=NC=CC(=C2)CO,CC(C)C1=CC=CC=C1,-4.93
benzene,cyclohexane,C1=CC=CC=C1,C1CCCCC1,-4.19
1-propanol,propanol,CCCO,CCCO,-5.29
phenol,ethylbenzene,C1=CC=C(C=C1)O,CCC1=CC=CC=C1,-6.82
1;4-dioxane,methoxyethanol,C1COCCO1,COCCO,-4.91
p-hydroxybenzaldehyde,octanol,C1=CC(=CC=C1C=O)O,CCCCCCCCO,-12.36
pentylacetate,benzene,CCCCCOC(C)=O,C1=CC=CC=C1,-6.53
thiophene,octanol,C1=CSC=C1,CCCCCCCCO,-3.89
ethanol,dodecane,CCO,CCCCCCCCCCCC,-2.06
ammonia,diethylether,N,CCOCC,-1.41
2;6-dichlorobenzonitrile,octanol,C1=CC(=C(C(=C1)Cl)C#N)Cl,CCCCCCCCO,-9.18
diethylamine,water,CCNCC,O,-4.07
diethylamine,benzene,CCNCC,C1=CC=CC=C1,-4.02
3;3-dimethylbutanone,chlorohexane,CC(=O)C(C)(C)C,CCCCCCCl,-4.98
1-hexanol,benzene,CCCCCCO,C1=CC=CC=C1,-6.13
1-butanol,decane,CCCCO,CCCCCCCCCC,-3.77
2-nitropropane,octanol,CC(C)[N+](=O)[O-],CCCCCCCCO,-4.23
fluorotrichloromethane,octanol,C(F)(Cl)(Cl)Cl,CCCCCCCCO,-2.63
nitromethane,hexane,C[N+](=O)[O-],CCCCCC,-2.9
pentanoicacid,heptane,CCCCC(O)=O,CCCCCCC,-5.23
2-pentanone,isopropylbenzene,CCCC(=O)C,CC(C)C1=CC=CC=C1,-4.84
2-ethylpyrazine,water,CCC1=NC=CN=C1,O,-5.51
chlorofluoromethane,water,C(F)Cl,O,-0.77
thioanisole,water,CSC1=CC=CC=C1,O,-2.73
formaldehyde,diisopropylether,C=O,CC(C)OC(C)C,-1.04
1-butene,hexadecane,CCC=C,CCCCCCCCCCCCCCCC,-2.03
chloroform,chloroform,C(Cl)(Cl)Cl,C(Cl)(Cl)Cl,-4.13
g-butyrolactone,butanone,C1CC(=O)OC1,CCC(=O)C,-4.47
p-xylene,water,CC1=CC=C(C=C1)C,O,-0.81
butylbenzene,butylbenzene,CCCCC1=CC=CC=C1,CCCCC1=CC=CC=C1,-6.86
2-heptanone,isopropylbenzene,CCCCCC(=O)C,CC(C)C1=CC=CC=C1,-5.99
piperazine,octanol,C1CNCCN1,CCCCCCCCO,-5.8
triethylphosphate,benzene,CCOP(=O)(OCC)OCC,C1=CC=CC=C1,-8.58
ethylacetate,chlorohexane,CCOC(=O)C,CCCCCCCl,-4.25
butylamine,dichloroethane,CCCCN,CC(Cl)Cl,-4.34
aceticacid,butylacetate,CC(O)=O,CCCCOC(C)=O,-6.11
methylperoxide,water,COOC,O,-5.28
piperidine,xylene,C1CCNCC1,CC1=CC=CC=C1C,-5.15
methylpentanoate,benzene,CCCCC(=O)OC,C1=CC=CC=C1,-5.83
2;2;2-trifluoroethanol,water,C(C(F)(F)F)O,O,-4.31
n-octane,acetophenone,CCCCCCCC,CC(=O)C1=CC=CC=C1,-4.24
3;3-dimethylbutanone,trimethylbenzene,CC(=O)C(C)(C)C,CC1=C(C(=CC=C1)C)C,-4.8
p-dibromobenzene,water,C1=CC(=CC=C1Br)Br,O,-2.3
ethylbenzene,cyclohexane,CCC1=CC=CC=C1,C1CCCCC1,-4.97
methylhexanoate,octane,CCCCCC(=O)OC,CCCCCCCC,-5.53
hexanoicacid,diethylether,C1=CC=C(C=C1)C[Si](Cl)(Cl)Cl,CCOCC,-8.85
N;N-dimethylformamide,octanol,CN(C)C=O,CCCCCCCCO,-6.14
m-cresol,water,CC1=CC(=CC=C1)O,O,-5.49
n-octane,2methylpyridine,CCCCCCCC,Cc1ccccn1,-4.73
hexanoicacid,secbutanol,C1=CC=C(C=C1)C[Si](Cl)(Cl)Cl,CCC(C)O,-8.11
chloroform,hexadecane,C(Cl)(Cl)Cl,CCCCCCCCCCCCCCCC,-3.38
Z-1;2-dichloroethene,hexadecane,C(=C\Cl)\Cl,CCCCCCCCCCCCCCCC,-3.33
dibromomethane,octanol,C(Br)Br,CCCCCCCCO,-4.18
2-pentanone,benzene,CCCC(=O)C,C1=CC=CC=C1,-5.14
4-methylaniline,octane,CC1=CC=C(C=C1)N,CCCCCCCC,-6.0
octafluorocyclobutane,octanol,C1(C(C(C1(F)F)(F)F)(F)F)(F)F,CCCCCCCCO,0.31
aniline,dichloroethane,C1=CC=C(C=C1)N,CC(Cl)Cl,-7.39
pentanoicacid,tributylphosphate,CCCCC(O)=O,CCCCOP(=O)(OCCCC)OCCCC,-8.82
propanoicacid,hexadecane,CC(=O)CC(=O)NC1=CC(=C(C=C1OC)OC)Cl,CCCCCCCCCCCCCCCC,-3.12
2-hexanone,octane,CCCCC(=O)C,CCCCCCCC,-4.6
diethylamine,diisopropylether,CCNCC,CC(C)OC(C)C,-3.78
water,tetralin,O,C1CCC2=CC=CC=C2C1,0.07
o-cresol,water,CC1=CC=CC=C1O,O,-5.87
tripropylphosphate,cyclohexane,CCCO[P](=O)(OCCC)OCCC,C1CCCCC1,-7.71
methylcyclohexane,water,CC1CCCCC1,O,1.71
acetamide,chloroform,CC(=O)N,C(Cl)(Cl)Cl,-7.05
allylalcohol,chloroform,OCC=C,C(Cl)(Cl)Cl,-4.34
tolfenamicacid,octanol,CC1=C(C=CC=C1Cl)NC2=CC=CC=C2C(=O)O,CCCCCCCCO,-13.76
propylamine,pentanol,CCCN,CCCCCO,-4.88
pyridine,benzene,C1=CC=NC=C1,C1=CC=CC=C1,-5.28
5-chlorouracil,water,C1=C(C(=O)NC(=O)N1)Cl,O,-17.74
o-xylene,diethylether,CC1=CC=CC=C1C,CCOCC,-5.58
pentylacetate,pentadecane,CCCCCOC(C)=O,CCCCCCCCCCCCCCC,-5.18
ethylphenylether,ethoxybenzene,CCOc1ccccc1,CCOC1=CC=CC=C1,-6.75
p-cresol,hexanol,CC1=CC=C(C=C1)O,CCCCCCO,-9.21
n-octane,benzene,CCCCCCCC,C1=CC=CC=C1,-5.35
2-butanone,isooctane,CCC(=O)C,CC(C)CC(C)(C)C,-3.4
ethylbenzene,ethylbenzene,CCC1=CC=CC=C1,CCC1=CC=CC=C1,-5.67
chlorodifluoromethane,water,C(F)(F)Cl,O,-0.5
ethylamine,iodobenzene,CCN,C1=CC=C(C=C1)I,-2.73
n-octane,butanone,CCCCCCCC,CCC(=O)C,-4.64
formaldehyde,benzylalcohol,C=O,C1=CC=C(C=C1)CO,-3.48
ethanethiol,hexadecane,CCS,CCCCCCCCCCCCCCCC,-2.96
2-methylpyridine,chloroform,CC1=CC=CC=N1,C(Cl)(Cl)Cl,-6.98
5-bromouracil,water,C1=C(C(=O)NC(=O)N1)Br,O,-18.17
3-bromopropene,hexadecane,C=CCBr,CCCCCCCCCCCCCCCC,-3.42
diethylpropanedioate,water,CCC(CC)(C([O-])=O)C([O-])=O,O,-6.0
cyclopentene,water,C1CC=CC1,O,0.56
dimethylamine,isobutanol,CNC,CC(C)CO,-4.43
p-bromophenol,iodobenzene,C1=CC(=CC=C1O)Br,C1=CC=C(C=C1)I,-8.45
2-nitropropane,water,CC(C)[N+](=O)[O-],O,-3.14
tetramethylsilane,octanol,C[Si](C)(C)C,CCCCCCCCO,-1.79
aceticacid,4methyl2pentanone,CC(O)=O,CC(C)CC(C)=O,-6.33
o-xylene,cyclohexane,CC1=CC=CC=C1C,C1CCCCC1,-5.54
propanal,diethylether,CCC=O,CCOCC,-3.85
1-octanol,butylacetate,CCCCCCCCO,CCCCOC(C)=O,-8.17
toluene,fluorobenzene,CC1=CC=CC=C1,C1=CC=C(C=C1)F,-5.27
chlorobenzene,chloroform,C1=CC=C(C=C1)Cl,C(Cl)(Cl)Cl,-5.45
1-hexanol,pentane,CCCCCCO,CCCCC,-4.97
1;2-diethoxyethane,water,CCOCCOCC,O,-3.54
nitroethane,octanol,CC[N+](=O)[O-],CCCCCCCCO,-3.93
benzaldehyde,heptane,C1=CC=C(C=C1)C=O,CCCCCCC,-5.5
methylpentanoate,heptane,CCCCC(=O)OC,CCCCCCC,-4.92
uracil,diethylether,C1=CNC(=O)NC1=O,CCOCC,-15.03
1-bromopentane,octanol,CCCCCBr,CCCCCCCCO,-4.68
1-hexanol,cyclohexane,CCCCCCO,C1CCCCC1,-5.31
g-butyrolactone,octanol,C1CC(=O)OC1,CCCCCCCCO,-6.83
bromobenzene,hexane,C1=CC=C(C=C1)Br,CCCCCC,-5.66
cyclohexane,hexadecyliodide,C1CCCCC1,CCCCCCCCCCCCCCCCI,-3.66
toluene,heptanol,CC1=CC=CC=C1,CCCCCCCO,-4.33
2-methyl-1-nitrobenzene,cyclohexane,CC1=CC=CC=C1[N+](=O)[O-],C1CCCCC1,-6.71
hydrogensulfide,diethylether,S,CCOCC,-0.6
nitromethane,acetophenone,C[N+](=O)[O-],CC(=O)C1=CC=CC=C1,-4.92
methylacetate,ethylbenzene,COC(C)=O,CCC1=CC=CC=C1,-3.74
2-methoxyethanol,diethylether,COCCO,CCOCC,-5.12
propanoicacid,cyclohexanone,CC(=O)CC(=O)NC1=CC(=C(C=C1OC)OC)Cl,C1CCC(=O)CC1,-7.18
propanoicacid,hexane,CC(=O)CC(=O)NC1=CC(=C(C=C1OC)OC)Cl,CCCCCC,-2.98
butylamine,isopropylbenzene,CCCCN,CC(C)C1=CC=CC=C1,-4.06
t-butanol,diethylether,CC(C)(C)O,CCOCC,-4.8
5-nonanone,water,CCCCC(=O)CCCC,O,-2.67
2-methylaniline,water,CC1=CC=CC=C1N,O,-5.56
nitromethane,methylenechloride,C[N+](=O)[O-],C(Cl)Cl,-5.05
p-bromotoluene,hexadecane,CC1=CC=C(C=C1)Br,CCCCCCCCCCCCCCCC,-6.19
butanal,hexadecane,CCCC=O,CCCCCCCCCCCCCCCC,-3.1
aniline,chloroform,C1=CC=C(C=C1)N,C(Cl)(Cl)Cl,-7.34
methylpentanoate,dichloroethane,CCCCC(=O)OC,CC(Cl)Cl,-5.97
propylamine,nonane,CCCN,CCCCCCCCC,-2.96
anisole,water,COC1=CC=CC=C1,O,-2.45
methylacetate,chloroform,COC(C)=O,C(Cl)(Cl)Cl,-4.9
butylamine,heptanol,CCCCN,CCCCCCCO,-5.4
nitromethane,dimethylacetamide,C[N+](=O)[O-],CC(=O)N(C)C,-5.62
1;4-dichlorobenzene,diethylether,C1=CC(=CC=C1Cl)Cl,CCOCC,-6.18
2-heptanone,mesitylene,CCCCCC(=O)C,CC1=CC(=CC(=C1)C)C,-5.99
2-butanone,hexadecane,CCC(=O)C,CCCCCCCCCCCCCCCC,-3.12
ethane,hexadecane,CC,CCCCCCCCCCCCCCCC,-0.67
1;2-dimethoxyethane,water,COCCOC,O,-4.84
cyclopropane,water,C1CC1,O,0.75
2;6-dichlorothiobenzamide,water,C1=CC(=C(C(=C1)Cl)C(=S)N)Cl,O,-10.81
1-methylthymine,water,CC1=CN(C(=O)NC1=O)C,O,-10.4
ethanol,nitroethane,CCO,CC[N+](=O)[O-],-3.98
anisole,octanol,COC1=CC=CC=C1,CCCCCCCCO,-5.47
N-(3-hydroxyphenyl)acetamide,octanol,CC(=O)NC1=CC(=CC=C1)O,CCCCCCCCO,-14.93
methylisopropylether,water,COC(C)C,O,-2.01
acetophenone,octanol,CC(=O)C1=CC=CC=C1,CCCCCCCCO,-6.74
3;3-dimethylbutanone,isopropylbenzene,CC(=O)C(C)(C)C,CC(C)C1=CC=CC=C1,-4.81
ethylacetate,perfluorobenzene,CCOC(=O)C,C1(=C(C(=C(C(=C1F)F)F)F)F)F,-4.56
ethene,water,C=C,O,1.27
propylacetate,nonane,CCCOC(C)=O,CCCCCCCCC,-4.07
methylpropanoate,octane,CCC(=O)OC,CCCCCCCC,-3.57
methylformate,octanol,COC=O,CCCCCCCCO,-2.82
ethanol,iodobenzene,CCO,C1=CC=C(C=C1)I,-3.18
1-butanol,iodobenzene,CCCCO,C1=CC=C(C=C1)I,-4.05
sulfolane,water,C1CCS(=O)(=O)C1,O,-8.61
1;1;1;2-tetrachloroethane,water,C(C(Cl)(Cl)Cl)Cl,O,-1.15
phenol,hexanol,C1=CC=C(C=C1)O,CCCCCCO,-8.76
2-butanone,fluorobenzene,CCC(=O)C,C1=CC=C(C=C1)F,-4.6
1;4-dioxane,benzene,C1COCCO1,C1=CC=CC=C1,-5.21
dichloromethane,hexadecyliodide,C(Cl)Cl,CCCCCCCCCCCCCCCCI,-2.76
toluene,ethanol,CC1=CC=CC=C1,CCO,-4.57
isopropylether,water,CC(C)OC(C)C,O,-0.53
ethylamine,dichloroethane,CCN,CC(Cl)Cl,-3.19
2-butanone,water,CCC(=O)C,O,-3.64
1;2-dichlorobenzene,undecane,C1=CC=C(C(=C1)Cl)Cl,CCCCCCCCCCC,-6.11
2-butanone,anisole,CCC(=O)C,COC1=CC=CC=C1,-4.43
hydrogenperoxide,benzene,OO,C1=CC=CC=C1,-4.77
ethylphenylether,hexadecane,CCOc1ccccc1,CCCCCCCCCCCCCCCC,-5.64
acetonitrile,heptane,CC#N,CCCCCCC,-2.06
ethylamine,heptane,CCN,CCCCCCC,-2.09
ethanol,ethoxybenzene,CCO,CCOC1=CC=CC=C1,-3.45
butylamine,nonane,CCCCN,CCCCCCCCC,-3.55
tetrachloroethene,water,C(=C(Cl)Cl)(Cl)Cl,O,0.05
diethylether,octanol,CCOCC,CCCCCCCCO,-2.89
aniline,hexane,C1=CC=C(C=C1)N,CCCCCC,-5.43
m-hydroxybenzaldehyde,cyclohexane,C1=CC(=CC(=C1)O)C=O,C1CCCCC1,-6.88
ethylacetate,xylene,CCOC(=O)C,CC1=CC=CC=C1C,-4.26
acetaldehyde,chloroform,CC=O,C(Cl)(Cl)Cl,-3.65
p-hydroxybenzaldehyde,chloroform,C1=CC(=CC=C1C=O)O,C(Cl)(Cl)Cl,-10.3
1;4-dioxane,hexadecane,C1COCCO1,CCCCCCCCCCCCCCCC,-3.82
aceticacid,nitrobenzene,CC(O)=O,C1=CC=C(C=C1)[N+](=O)[O-],-4.78
naphthalene,heptane,C1=CC=C2C=CC=CC2=C1,CCCCCCC,-7.02
n-octane,ethylacetate,CCCCCCCC,CCOC(=O)C,-4.72
4-methoxybenzoicacid,water,COc1ccc(cc1)C(O)=O,O,-9.15
2-heptanone,cyclohexane,CCCCCC(=O)C,C1CCCCC1,-5.47
N-methyl-2-pyrrolidinone,octanol,CN1CCCC1=O,CCCCCCCCO,-8.63
ethylbenzene,undecane,CCC1=CC=CC=C1,CCCCCCCCCCC,-5.44
methylpentanoate,trimethylbenzene,CCCCC(=O)OC,CC1=C(C(=CC=C1)C)C,-5.41
1-heptanol,tributylphosphate,CCCCCCCO,CCCCOP(=O)(OCCCC)OCCCC,-7.98
ethanol,tetrahydrothiophenedioxide,CCO,O=[S]1(=O)CCCC1,-4.3
o-cresol,dichloroethane,CC1=CC=CC=C1O,CC(Cl)Cl,-7.73
butylamine,bromobenzene,CCCCN,C1=CC=C(C=C1)Br,-4.22
diethylamine,octane,CCNCC,CCCCCCCC,-3.42
nitromethane,hexadecane,C[N+](=O)[O-],CCCCCCCCCCCCCCCC,-2.58
acetophenone,acetophenone,CC(=O)C1=CC=CC=C1,CC(=O)C1=CC=CC=C1,-7.59
hexanoicacid,octanol,C1=CC=C(C=C1)C[Si](Cl)(Cl)Cl,CCCCCCCCO,-8.82
propanoicacid,diethylether,CC(=O)CC(=O)NC1=CC(=C(C=C1OC)OC)Cl,CCOCC,-6.75
methylacetate,benzene,COC(C)=O,C1=CC=CC=C1,-4.04
ethylacetate,bromobenzene,CCOC(=O)C,C1=CC=C(C=C1)Br,-4.57
propylacetate,hexane,CCCOC(C)=O,CCCCCC,-4.1
ethylamine,ethylbenzene,CCN,CCC1=CC=CC=C1,-2.59
propylacetate,perfluorobenzene,CCCOC(C)=O,C1(=C(C(=C(C(=C1F)F)F)F)F)F,-5.06
diethylamine,xylene,CCNCC,CC1=CC=CC=C1C,-3.93
2-methoxybenzoicacid,water,COC1=CC=CC=C1C(=O)O,O,-10.32
diethylsulfide,hexadecane,CCSCC,CCCCCCCCCCCCCCCC,-4.23
4-methylaniline,hexadecane,CC1=CC=C(C=C1)N,CCCCCCCCCCCCCCCC,-6.04
acetone,isopropylbenzene,CC(=O)C,CC(C)C1=CC=CC=C1,-3.32
n-octane,propanol,CCCCCCCC,CCCO,-4.39
2-pentanone,mesitylene,CCCC(=O)C,CC1=CC(=CC(=C1)C)C,-4.8
1;4-dichlorobenzene,cyclohexane,C1=CC(=CC=C1Cl)Cl,C1CCCCC1,-5.89
4-methylaniline,octanol,CC1=CC=C(C=C1)N,CCCCCCCCO,-7.44
1-nitropropane,cyclohexane,CCC[N+](=O)[O-],C1CCCCC1,-4.06
nitromethane,perfluorobenzene,C[N+](=O)[O-],C1(=C(C(=C(C(=C1F)F)F)F)F)F,-4.3
hexanoicacid,nitrobenzene,C1=CC=C(C=C1)C[Si](Cl)(Cl)Cl,C1=CC=C(C=C1)[N+](=O)[O-],-7.26
t-butanol,octanol,CC(C)(C)O,CCCCCCCCO,-4.78
pyrrole,octanol,C1=CNC=C1,CCCCCCCCO,-5.28
1-hexanol,chloroform,CCCCCCO,C(Cl)(Cl)Cl,-6.67
Z-1;2-dichloroethene,water,C(=C\Cl)\Cl,O,-1.17
1-hexanol,hexane,CCCCCCO,CCCCCC,-5.14
ethanol,acetonitrile,CCO,CC#N,-4.43
benzaldehyde,octanol,C1=CC=C(C=C1)C=O,CCCCCCCCO,-6.13
nitrobenzene,hexane,C1=CC=C(C=C1)[N+](=O)[O-],CCCCCC,-6.09
ethylamine,pentane,CCN,CCCCC,-2.18
ethanol,dimethylpyridine,CCO,CC1=C(N=CC=C1)C,-4.87
2-octanone,heptane,CCCCCCC(=O)C,CCCCCCC,-5.68
E-1;2-dichloroethene,undecane,C(=C/Cl)\Cl,CCCCCCCCCCC,-3.6
pentylacetate,bromobenzene,CCCCCOC(C)=O,C1=CC=C(C=C1)Br,-6.35
3;3-dimethylbutanone,tetralin,CC(=O)C(C)(C)C,C1CCC2=CC=CC=C2C1,-4.19
urea,octanol,C(=O)(N)N,CCCCCCCCO,-10.93
3;3-dimethylbutanone,hexane,CC(=O)C(C)(C)C,CCCCCC,-4.34
2-butanone,octanol,CCC(=O)C,CCCCCCCCO,-3.78
1-pentanol,iodobenzene,CCCCCO,C1=CC=C(C=C1)I,-5.02
2-butanone,tetrahydrothiophenedioxide,CCC(=O)C,O=[S]1(=O)CCCC1,-4.09
2-hexanone,heptane,CCCCC(=O)C,CCCCCCC,-4.55
aniline,cyclohexane,C1=CC=C(C=C1)N,C1CCCCC1,-5.52
N-methyl-2-pyrrolidinone,heptane,CN1CCCC1=O,CCCCCCC,-5.8
fluorobenzene,hexadecane,C1=CC=C(C=C1)F,CCCCCCCCCCCCCCCC,-4.03
pentanal,hexadecane,CCCCC=O,CCCCCCCCCCCCCCCC,-3.89
2-hexanone,decane,CCCCC(=O)C,CCCCCCCCCC,-4.61
formamide,diethylether,C(=O)N,CCOCC,-5.97
acetophenone,dichloroethane,CC(=O)C1=CC=CC=C1,CC(Cl)Cl,-7.83
nitromethane,butanone,C[N+](=O)[O-],CCC(=O)C,-5.24
m-hydroxybenzaldehyde,diethylether,C1=CC(=CC(=C1)O)C=O,CCOCC,-11.36
pyridine,xylene,C1=CC=NC=C1,CC1=CC=CC=C1C,-5.12
1-pentanol,hexane,CCCCCO,CCCCCC,-4.38
formamide,hexadecane,C(=O)N,CCCCCCCCCCCCCCCC,-2.91
toluene,undecane,CC1=CC=CC=C1,CCCCCCCCCCC,-4.81
methylpentanoate,toluene,CCCCC(=O)OC,CC1=CC=CC=C1,-5.65
bromomethane,water,CBr,O,-0.82
benzonitrile,heptane,C1=CC=C(C=C1)C#N,CCCCCCC,-5.33
pentylacetate,hexane,CCCCCOC(C)=O,CCCCCC,-5.52
trimethylamine,hexadecane,CN(C)C,CCCCCCCCCCCCCCCC,-2.21
diiodomethane,octanol,C(I)I,CCCCCCCCO,-5.63
N-methylaniline,benzene,CNC1=CC=CC=C1,C1=CC=CC=C1,-6.64
1-hexanol,xylene,CCCCCCO,CC1=CC=CC=C1C,-5.85
methylbenzoate,decalin,COC(=O)C1=CC=CC=C1,C1CCC2CCCCC2C1,-6.76
n-heptane,hexadecyliodide,CCCCCCC,CCCCCCCCCCCCCCCCI,-3.9
n-hexane,hexane,CCCCCC,CCCCCC,-4.0
thiophenol,octanol,C1=CC=C(C=C1)S,CCCCCCCCO,-5.99
ethylbenzene,octanol,CCC1=CC=CC=C1,CCCCCCCCO,-5.08
cyclopropane,octanol,C1CC1,CCCCCCCCO,-1.6
toluene,heptane,CC1=CC=CC=C1,CCCCCCC,-4.78
2;2'-dichlorobiphenyl,heptane,C1=CC=C(C(=C1)C2=CC=CC=C2Cl)Cl,CCCCCCC,-9.22
pentanoicacid,hexadecane,CCCCC(O)=O,CCCCCCCCCCCCCCCC,-4.61
trimethylamine,toluene,CN(C)C,CC1=CC=CC=C1,-2.71
formaldehyde,secbutanol,C=O,CCC(C)O,-2.86
1-hexanol,tributylphosphate,CCCCCCO,CCCCOP(=O)(OCCCC)OCCCC,-7.68
1;4-dioxane,fluorobenzene,C1COCCO1,C1=CC=C(C=C1)F,-5.18
ethanol,benzylalcohol,CCO,C1=CC=C(C=C1)CO,-4.84
1-butanol,xylene,CCCCO,CC1=CC=CC=C1C,-4.17
2-hexanone,water,CCCCC(=O)C,O,-3.29
5-fluorouracil,ethylacetate,C1=C(C(=O)NC(=O)N1)F,CCOC(=O)C,-16.1
1-propanethiol,octanol,CCCS,CCCCCCCCO,-3.52
g-butyrolactone,nitromethane,C1CC(=O)OC1,C[N+](=O)[O-],-5.45
chlorobenzene,diethylether,C1=CC=C(C=C1)Cl,CCOCC,-5.42
ethylamine,diethylether,CCN,CCOCC,-2.89
1-propanol,cyclohexane,CCCO,C1CCCCC1,-2.73
methylpentanoate,butylbenzene,CCCCC(=O)OC,CCCCC1=CC=CC=C1,-5.37
o-cresol,benzene,CC1=CC=CC=C1O,C1=CC=CC=C1,-7.44
o-cresol,iodobenzene,CC1=CC=CC=C1O,C1=CC=C(C=C1)I,-7.14
n-octane,cyclohexane,CCCCCCCC,C1CCCCC1,-5.63
water,chloroform,O,C(Cl)(Cl)Cl,-2.05
1-nitropropane,toluene,CCC[N+](=O)[O-],CC1=CC=CC=C1,-5.25
nitromethane,bromobenzene,C[N+](=O)[O-],C1=CC=C(C=C1)Br,-4.25
4-heptanone,hexadecane,CCCC(=O)CCC,CCCCCCCCCCCCCCCC,-5.2
hexachloroethane,water,C(C(Cl)(Cl)Cl)(Cl)(Cl)Cl,O,-1.4
acetone,tetralin,CC(=O)C,C1CCC2=CC=CC=C2C1,-2.54
1-propanol,water,CCCO,O,-4.83
tetrahydrofuran,water,C1CCOC1,O,-3.47
butylacetate,decane,CCCCOC(C)=O,CCCCCCCCCC,-4.66
n-hexane,benzene,CCCCCC,C1=CC=CC=C1,-3.62
1-pentanol,isooctane,CCCCCO,CC(C)CC(C)(C)C,-4.17
methylpentanoate,ethylbenzene,CCCCC(=O)OC,CCC1=CC=CC=C1,-5.56
cis-1;2-dimethylcyclohexane,water,C[C@@H]1CCCC[C@@H]1C,O,1.58
hexanoicacid,butanol,C1=CC=C(C=C1)C[Si](Cl)(Cl)Cl,CCCCO,-8.75
propylacetate,carbondisulfide,CCCOC(C)=O,C(=S)=S,-4.63
2-heptanone,octanol,CCCCCC(=O)C,CCCCCCCCO,-5.65
iodoethane,octanol,CCI,CCCCCCCCO,-3.45
nitromethane,nitrobenzene,C[N+](=O)[O-],C1=CC=C(C=C1)[N+](=O)[O-],-4.9
1;4-dioxane,acetophenone,C1COCCO1,CC(=O)C1=CC=CC=C1,-5.03
p-bromophenol,xylene,C1=CC(=CC=C1O)Br,CC1=CC=CC=C1C,-8.69
1-pentanol,water,CCCCCO,O,-4.47
hexanoicacid,dichloroethane,C1=CC=C(C=C1)C[Si](Cl)(Cl)Cl,CC(Cl)Cl,-7.33
o-cresol,toluene,CC1=CC=CC=C1O,CC1=CC=CC=C1,-7.43
ethylperoxide,water,CCOOCC,O,-5.32
1-butanol,tributylphosphate,CCCCO,CCCCOP(=O)(OCCCC)OCCCC,-6.28
n-hexadecane,hexadecane,CCCCCCCCCCCCCCCC,CCCCCCCCCCCCCCCC,-10.52
2-methylpyrazine,octanol,CC1=NC=CN=C1,CCCCCCCCO,-5.87
1-bromo-1-chloro-2;2;2-trifluoroethane,hexadecane,C(C(F)(F)F)(Cl)Br,CCCCCCCCCCCCCCCC,-2.97
3-methoxybenzoicacid,octanol,COC1=CC=CC(=C1)C(=O)O,CCCCCCCCO,-11.69
water,diethylether,O,CCOCC,-3.85
1-hexanol,bromoform,CCCCCCO,C(Br)(Br)Br,-6.2
hexanoicacid,heptane,C1=CC=C(C=C1)C[Si](Cl)(Cl)Cl,CCCCCCC,-6.54
1-butanol,cyclohexane,CCCCO,C1CCCCC1,-3.52
2-butanone,nonane,CCC(=O)C,CCCCCCCCC,-3.2
pyridine,dichloroethane,C1=CC=NC=C1,CC(Cl)Cl,-5.53
phenol,diisopropylether,C1=CC=C(C=C1)O,CC(C)OC(C)C,-8.35
uracil,water,C1=CNC(=O)NC1=O,O,-16.59
p-hydroxybenzaldehyde,water,C1=CC(=CC=C1C=O)O,O,-10.48
nitrobenzene,diethylether,C1=CC=C(C=C1)[N+](=O)[O-],CCOCC,-6.85
E-1;2-dichloroethene,water,C(=C/Cl)\Cl,O,-0.76
nitroethane,nitroethane,CC[N+](=O)[O-],CC[N+](=O)[O-],-5.53
1-methylthymine,chloroform,CC1=CN(C(=O)NC1=O)C,C(Cl)(Cl)Cl,-9.71
1-fluorohexane,hexadecane,CCCCCCF,CCCCCCCCCCCCCCCC,-4.03
1-propanol,octanol,CCCO,CCCCCCCCO,-5.02
1;1-dimethyl-3-phenylurea,octanol,CN(C)C(=O)NC1=CC=CC=C1,CCCCCCCCO,-13.12
m-cresol,octanol,CC1=CC(=CC=C1)O,CCCCCCCCO,-8.2
2-butanone,ethoxybenzene,CCC(=O)C,CCOC1=CC=CC=C1,-4.28
4-ethylpyridine,water,CCC1=CC=NC=C1,O,-4.74
butylamine,decanol,CCCCN,CCCCCCCCCCO,-5.22
ammonia,benzene,N,C1=CC=CC=C1,-1.12
N;N-dimethylacetamide,chloroform,CC(=O)N(C)C,C(Cl)(Cl)Cl,-8.38
1-iodopentane,water,CCCCCI,O,-0.12
tetrafluoromethane,octanol,C(F)(F)(F)F,CCCCCCCCO,1.5
methane,hexadecane,C,CCCCCCCCCCCCCCCC,0.45
bromobenzene,decane,C1=CC=C(C=C1)Br,CCCCCCCCCC,-5.43
ethanol,xylene,CCO,CC1=CC=CC=C1C,-3.42
hexanoicacid,benzene,C1=CC=C(C=C1)C[Si](Cl)(Cl)Cl,C1=CC=CC=C1,-6.94
hydrogenperoxide,ethylacetate,OO,CCOC(=O)C,-7.6
dimethylether,water,COC,O,-1.92
methanol,xylene,CO,CC1=CC=CC=C1C,-1.73
5-bromouracil,diethylether,C1=C(C(=O)NC(=O)N1)Br,CCOCC,-17.01
benzonitrile,cyclohexane,C1=CC=C(C=C1)C#N,C1CCCCC1,-5.54
piperazine,isobutanol,C1CNCCN1,CC(C)CO,-6.58
2-butanone,isopropylbenzene,CCC(=O)C,CC(C)C1=CC=CC=C1,-4.02
1;1-dichloro-2;2-difluoroethylmethylether,octanol,FC(F)CC(Cl)(Cl)OC(Cl)(Cl)CC(F)F,CCCCCCCCO,-4.02
butanoicacid,4methyl2pentanone,C1=CN=C(C=C1CO)C2=NC=CC(=C2)CO,CC(C)CC(C)=O,-7.44
hydrogensulfide,chloroform,S,C(Cl)(Cl)Cl,-0.51
toluene,chlorobenzene,CC1=CC=CC=C1,C1=CC=C(C=C1)Cl,-5.18
iodomethane,water,CI,O,-0.89
diethylamine,hexadecane,CCNCC,CCCCCCCCCCCCCCCC,-3.27
1-heptanol,hexane,CCCCCCCO,CCCCCC,-5.75
butylamine,nonanol,CCCCN,CCCCCCCCCO,-5.35
dichloromethane,octanol,C(Cl)Cl,CCCCCCCCO,-3.07
tetralin,tetralin,C1CCC2=CC=CC=C2C1,C1CCC2=CC=CC=C2C1,-7.55
1-chloropentane,water,CCCCCCl,O,0.07
2-chlorobutane,water,CCC(C)Cl,O,0.07
1-pentanol,octane,CCCCCO,CCCCCCCC,-4.1
naphthalene,diethylether,C1=CC=C2C=CC=CC2=C1,CCOCC,-7.25
dichloromethane,water,C(Cl)Cl,O,-1.36
diethylamine,octanol,CCNCC,CCCCCCCCO,-4.75
phthalimide,water,C1=CC=C2C(=C1)C(=O)NC2=O,O,-9.61
butylparaben,water,CCCCOC(=O)C1=CC=C(C=C1)O,O,-8.72
m-xylene,diethylether,CC1=CC(=CC=C1)C,CCOCC,-5.56
5-chlorouracil,octanol,C1=C(C(=O)NC(=O)N1)Cl,CCCCCCCCO,-17.26
5-bromouracil,ethylacetate,C1=C(C(=O)NC(=O)N1)Br,CCOC(=O)C,-17.93
2-methylpropene,octanol,CC(=C)C,CCCCCCCCO,-2.03
1-hexanol,bromobenzene,CCCCCCO,C1=CC=C(C=C1)Br,-5.92
anthracene,heptane,C1=CC=C2C=C3C=CC=CC3=CC2=C1,CCCCCCC,-10.0
2;6-dimethylpyridine,cyclohexane,CC1=NC(=CC=C1)C,C1CCCCC1,-5.51
hydrogenperoxide,butylacetate,OO,CCCCOC(C)=O,-6.76
methylacetate,perfluorobenzene,COC(C)=O,C1(=C(C(=C(C(=C1F)F)F)F)F)F,-4.23
t-butanol,chloroform,CC(C)(C)O,C(Cl)(Cl)Cl,-4.48
paracetamol,water,CC(=O)NC1=CC=C(C=C1)O,O,-14.83
2-hexanone,hexadecane,CCCCC(=O)C,CCCCCCCCCCCCCCCC,-4.45
trimethylphosphate,cyclohexane,COP(=O)(OC)OC,C1CCCCC1,-5.67
phenol,mesitylene,C1=CC=C(C=C1)O,CC1=CC(=CC(=C1)C)C,-6.8
phenol,hexadecane,C1=CC=C(C=C1)O,CCCCCCCCCCCCCCCC,-5.14
hexanoicacid,diisopropylether,C1=CC=C(C=C1)C[Si](Cl)(Cl)Cl,CC(C)OC(C)C,-8.23
2;2';3'-trichlorobiphenyl,water,Clc1cccc(c1Cl)c2ccccc2Cl,O,-1.99
n-propane,cyclohexane,CCC,C1CCCCC1,-2.09
n-octane,water,CCCCCCCC,O,2.89
1;4-dioxane,diisopropylether,C1COCCO1,CC(C)OC(C)C,-4.42
p-bromophenol,hexanol,C1=CC(=CC=C1O)Br,CCCCCCO,-10.51
methylpropanoate,hexane,CCC(=O)OC,CCCCCC,-3.65
pentylacetate,trimethylbenzene,CCCCCOC(C)=O,CC1=C(C(=CC=C1)C)C,-6.09
1-bromo-1;2;2;2-tetrafluoroethane,hexadecane,C(C(F)(F)F)(F)Br,CCCCCCCCCCCCCCCC,-1.87
toluene,toluene,CC1=CC=CC=C1,CC1=CC=CC=C1,-5.12
2-heptanone,perfluorobenzene,CCCCCC(=O)C,C1(=C(C(=C(C(=C1F)F)F)F)F)F,-6.15
difluorodichloromethane,cyclohexane,C(F)(F)(Cl)Cl,C1CCCCC1,-1.81
methylpentanoate,perfluorobenzene,CCCCC(=O)OC,C1(=C(C(=C(C(=C1F)F)F)F)F)F,-5.59
1;4-dioxane,aceticacid,C1COCCO1,CC(O)=O,-5.8
hexanoicacid,chloroform,C1=CC=C(C=C1)C[Si](Cl)(Cl)Cl,C(Cl)(Cl)Cl,-7.51
hydrogenperoxide,water,OO,O,-8.58
diethylamine,isobutanol,CCNCC,CC(C)CO,-4.86
1-propanethiol,isooctane,CCCS,CC(C)CC(C)(C)C,-3.78
trimethylphosphate,octanol,COP(=O)(OC)OC,CCCCCCCCO,-7.81
propanoicacid,decalin,CC(=O)CC(=O)NC1=CC(=C(C=C1OC)OC)Cl,C1CCC2CCCCC2C1,-4.42
m-cresol,chloroform,CC1=CC(=CC=C1)O,C(Cl)(Cl)Cl,-6.7
2-butanone,chlorohexane,CCC(=O)C,CCCCCCCl,-4.1
2-hexanone,cyclohexane,CCCCC(=O)C,C1CCCCC1,-4.77
ethylamine,butanol,CCN,CCCCO,-4.5
2-pentanone,heptane,CCCC(=O)C,CCCCCCC,-4.07
triethylphosphate,hexane,CCOP(=O)(OCC)OCC,CCCCCC,-6.78
benzonitrile,water,C1=CC=C(C=C1)C#N,O,-4.1
1-butanol,hexadecane,CCCCO,CCCCCCCCCCCCCCCC,-3.55
benzene,heptanol,C1=CC=CC=C1,CCCCCCCO,-3.73
p-bromophenol,pentanol,C1=CC(=CC=C1O)Br,CCCCCO,-10.62
propylacetate,benzene,CCCOC(C)=O,C1=CC=CC=C1,-5.21
1;2-ethanediol,hexadecane,C(CO)O,CCCCCCCCCCCCCCCC,-2.81
aniline,hexadecane,C1=CC=C(C=C1)N,CCCCCCCCCCCCCCCC,-5.44
dimethyldisulfide,hexadecane,CSSC,CCCCCCCCCCCCCCCC,-4.84
2;4-dimethylpyridine,water,CC1=CC(=NC=C1)C,O,-4.86
butylamine,isooctane,CCCCN,CC(C)CC(C)(C)C,-3.57
1-butanol,diethylether,CCCCO,CCOCC,-5.69
E-1;2-dichloroethene,hexadecane,C(=C/Cl)\Cl,CCCCCCCCCCCCCCCC,-3.11
1-hexyne,hexadecane,CCCCC#C,CCCCCCCCCCCCCCCC,-3.42
2-butanone,octane,CCC(=O)C,CCCCCCCC,-3.24
3-methylaniline,octanol,CC1=CC(=CC=C1)N,CCCCCCCCO,-7.57
methanol,bromobenzene,CO,C1=CC=C(C=C1)Br,-2.31
1-fluorooctane,hexadecane,CCCCCCCCF,CCCCCCCCCCCCCCCC,-5.25
m-cresol,butylacetate,CC1=CC(=CC=C1)O,CCCCOC(C)=O,-8.44
4-methylaniline,xylene,CC1=CC=C(C=C1)N,CC1=CC=CC=C1C,-7.17
2-butanone,dimethylformamide,CCC(=O)C,CN(C)C=O,-4.56
1-hexanol,decane,CCCCCCO,CCCCCCCCCC,-4.97
pentylacetate,octane,CCCCCOC(C)=O,CCCCCCCC,-5.36
1-heptanol,diethylether,CCCCCCCO,CCOCC,-7.51
butylamine,hexane,CCCCN,CCCCCC,-3.62
1-butanol,isooctane,CCCCO,CC(C)CC(C)(C)C,-3.56
methanol,heptane,CO,CCCCCCC,-1.29
4-methylaniline,toluene,CC1=CC=C(C=C1)N,CC1=CC=CC=C1,-7.39
1;4-dioxane,iodobenzene,C1COCCO1,C1=CC=C(C=C1)I,-4.94
ethylamine,cyclohexane,CCN,C1CCCCC1,-2.04
chlorodifluoromethane,octanol,C(F)(F)Cl,CCCCCCCCO,-1.97
butylamine,decalin,CCCCN,C1CCC2CCCCC2C1,-3.72
hydrogen,hexadecane,[HH],CCCCCCCCCCCCCCCC,1.64
hydrogen,water,[HH],O,2.33
1-bromobutane,hexadecane,CCCCBr,CCCCCCCCCCCCCCCC,-4.24
1;4-dioxane,dimethylsulfoxide,C1COCCO1,CS(=O)C,-4.9
ammonia,pentanol,N,CCCCCO,-3.13
2;2;2-trifluoroethanol,cyclohexane,C(C(F)(F)F)O,C1CCCCC1,-1.53
1;4-dioxane,dibutylether,C1COCCO1,CCCCOCCCC,-4.37
ethane,water,CC,O,1.83
diethyl4-nitrophenylthiophosphonate,octanol,CC[S](CC)=[P]([O-])([O-])c1ccc(cc1)[N+]([O-])=O,CCCCCCCCO,-11.31
t-butanol,hexadecane,CC(C)(C)O,CCCCCCCCCCCCCCCC,-2.74
nitromethane,triethylamine,C[N+](=O)[O-],CCN(CC)CC,-3.63
ethylacetate,water,CCOC(=O)C,O,-3.1
3;5-dimethylpyridine,hexadecane,CC1=CC(=CN=C1)C,CCCCCCCCCCCCCCCC,-2.52
nitromethane,dimethylformamide,C[N+](=O)[O-],CN(C)C=O,-5.66
o-chlorotoluene,water,CC1=CC=CC=C1Cl,O,-1.15
trimethylphosphate,benzene,COP(=O)(OC)OC,C1=CC=CC=C1,-8.02
propene,octanol,CC=C,CCCCCCCCO,-1.14
piperidine,diethylether,C1CCNCC1,CCOCC,-4.82
phosphine,water,P,O,0.6
benzonitrile,hexadecane,C1=CC=C(C=C1)C#N,CCCCCCCCCCCCCCCC,-5.51
tetrachloroethene,octanol,C(=C(Cl)Cl)(Cl)Cl,CCCCCCCCO,-4.24
pyridine,pyridine,C1=CC=NC=C1,C1=CC=NC=C1,-5.47
methanol,ethylacetate,CO,CCOC(=O)C,-3.37
piperidine,benzene,C1CCNCC1,C1=CC=CC=C1,-5.03
benzaldehyde,dichloroethane,C1=CC=C(C=C1)C=O,CC(Cl)Cl,-7.23
bromoethane,water,CCBr,O,-0.7
1-propanethiol,water,CCCS,O,-1.05
1-iodobutane,water,CCCCI,O,-0.25
aceticacid,dibutylether,CC(O)=O,CCCCOCCCC,-5.21
diethylamine,chloroform,CCNCC,C(Cl)(Cl)Cl,-5.23
n-octane,carbondisulfide,CCCCCCCC,C(=S)=S,-5.68
1-heptanol,dichloroethane,CCCCCCCO,CC(Cl)Cl,-6.79
1;1;1;3;3;3-hexafluoropropan-2-ol,water,C(C(F)(F)F)(C(F)(F)F)O,O,-3.77
nitrobenzene,heptane,C1=CC=C(C=C1)[N+](=O)[O-],CCCCCCC,-6.14
toluene,ethoxybenzene,CC1=CC=CC=C1,CCOC1=CC=CC=C1,-4.99
3;3-dimethylbutanone,ethylbenzene,CC(=O)C(C)(C)C,CCC1=CC=CC=C1,-4.92
2-butanone,aniline,CCC(=O)C,C1=CC=C(C=C1)N,-4.87
toluene,methylformamide,CC1=CC=CC=C1,CNC=O,-4.34
ethanol,fluorobenzene,CCO,C1=CC=C(C=C1)F,-3.45
1-hexene,hexadecane,CCCCC=C,CCCCCCCCCCCCCCCC,-3.51
propylamine,ethylbenzene,CCCN,CCC1=CC=CC=C1,-3.44
p-hydroxybenzaldehyde,diisopropylether,C1=CC(=CC=C1C=O)O,CC(C)OC(C)C,-11.63
fluorobenzene,hexane,C1=CC=C(C=C1)F,CCCCCC,-4.15
2;2;2-trifluoroethanol,hexadecane,C(C(F)(F)F)O,CCCCCCCCCCCCCCCC,-1.67
2-butanone,2methylpyridine,CCC(=O)C,Cc1ccccn1,-4.52
methylhydrazine,water,CNN,O,-5.31
naphthalene,hexadecane,C1=CC=C2C=CC=CC2=C1,CCCCCCCCCCCCCCCC,-7.29
m-hydroxybenzaldehyde,octanol,C1=CC(=CC(=C1)O)C=O,CCCCCCCCO,-11.39
thiophene,water,C1=CSC=C1,O,-1.42
methylpropanoate,butylbenzene,CCC(=O)OC,CCCCC1=CC=CC=C1,-4.19
dipropylamine,water,CCCNCCC,O,-3.66
p-cresol,decanol,CC1=CC=C(C=C1)O,CCCCCCCCCCO,-8.91
n-pentane,cyclohexane,CCCCC,C1CCCCC1,-3.5
p-xylene,hexadecane,CC1=CC=C(C=C1)C,CCCCCCCCCCCCCCCC,-5.24
2;6-dimethylpyridine,hexadecane,CC1=NC(=CC=C1)C,CCCCCCCCCCCCCCCC,-5.27
propanoicacid,xylene,CC(=O)CC(=O)NC1=CC(=C(C=C1OC)OC)Cl,CC1=CC=CC=C1C,-4.72
1-hexanol,ethylacetate,CCCCCCO,CCOC(=O)C,-6.92
triethylphosphate,dichloroethane,CCOP(=O)(OCC)OCC,CC(Cl)Cl,-9.59
iodobenzene,octanol,C1=CC=C(C=C1)I,CCCCCCCCO,-6.18
methylpropanoate,chlorobenzene,CCC(=O)OC,C1=CC=C(C=C1)Cl,-4.55
p-cresol,methylenechloride,CC1=CC=C(C=C1)O,C(Cl)Cl,-7.71
propylamine,water,CCCN,O,-4.39
trimethylamine,chlorobenzene,CN(C)C,C1=CC=C(C=C1)Cl,-2.82
nitromethane,benzylalcohol,C[N+](=O)[O-],C1=CC=C(C=C1)CO,-4.53
3;4-dimethylpyridine,hexadecane,CC1=C(C=NC=C1)C,CCCCCCCCCCCCCCCC,-2.58
pyridine,hexane,C1=CC=NC=C1,CCCCCC,-3.81
methanol,decane,CO,CCCCCCCCCC,-1.29
methylpropanoate,pentadecane,CCC(=O)OC,CCCCCCCCCCCCCCC,-3.35
5-bromouracil,octanol,C1=C(C(=O)NC(=O)N1)Br,CCCCCCCCO,-17.88
nitromethane,aniline,C[N+](=O)[O-],C1=CC=C(C=C1)N,-5.11
methanol,ethylbenzene,CO,CCC1=CC=CC=C1,-1.43
1-hexene,water,CCCCC=C,O,1.68
acetonitrile,diethylether,CC#N,CCOCC,-3.59
propylacetate,secbutylbenzene,CCCOC(C)=O,CCC(C)C1=CC=CC=C1,-4.62
1-propanol,ethylacetate,CCCO,CCOC(=O)C,-4.9
nitromethane,methylformamide,C[N+](=O)[O-],CNC=O,-5.11
bromoform,hexadecane,C(Br)(Br)Br,CCCCCCCCCCCCCCCC,-5.16
n-hexane,hexadecyliodide,CCCCCC,CCCCCCCCCCCCCCCCI,-3.26
2-butanone,cyclohexane,CCC(=O)C,C1CCCCC1,-3.48
nitromethane,toluene,C[N+](=O)[O-],CC1=CC=CC=C1,-4.31
n-propane,hexadecane,CCC,CCCCCCCCCCCCCCCC,-1.43
m-cresol,dichloroethane,CC1=CC(=CC=C1)O,CC(Cl)Cl,-6.91
tripropylphosphate,chloroform,CCCO[P](=O)(OCCC)OCCC,C(Cl)(Cl)Cl,-11.11
bromobenzene,cyclohexane,C1=CC=C(C=C1)Br,C1CCCCC1,-5.29
2-methyl-1-nitrobenzene,water,CC1=CC=CC=C1[N+](=O)[O-],O,-3.59
4-methylaniline,chlorobenzene,CC1=CC=C(C=C1)N,C1=CC=C(C=C1)Cl,-7.54
n-octane,aceticacid,CCCCCCCC,CC(O)=O,-3.93
n-octane,diethylether,CCCCCCCC,CCOCC,-5.62
ethanol,acetophenone,CCO,CC(=O)C1=CC=CC=C1,-4.12
butylamine,tetrahydrothiophenedioxide,CCCCN,O=[S]1(=O)CCCC1,-4.25
1-hexanol,heptane,CCCCCCO,CCCCCCC,-4.89
3;4-dimethylpyridine,water,CC1=C(C=NC=C1)C,O,-5.22
nitromethane,ethoxybenzene,C[N+](=O)[O-],CCOC1=CC=CC=C1,-4.45
nitromethane,cyclohexane,C[N+](=O)[O-],C1CCCCC1,-2.86
tetrahydropyran,chloroform,C1CCOCC1,C(Cl)(Cl)Cl,-5.84
methylacetate,heptane,COC(C)=O,CCCCCCC,-2.97
2-butanone,tetrahydrofuran,CCC(=O)C,C1CCOC1,-4.54
pentylacetate,toluene,CCCCCOC(C)=O,CC1=CC=CC=C1,-6.41
2-butanone,cyclohexanone,CCC(=O)C,C1CCC(=O)CC1,-4.42
naphthalene,diisopropylether,C1=CC=C2C=CC=CC2=C1,CC(C)OC(C)C,-7.24
paracetamol,octanol,CC(=O)NC1=CC=C(C=C1)O,CCCCCCCCO,-15.46
1-iodopropane,water,CCCI,O,-0.59
ethylamine,hexadecane,CCN,CCCCCCCCCCCCCCCC,-2.29
acetophenone,hexane,CC(=O)C1=CC=CC=C1,CCCCCC,-6.05
o-cresol,butylacetate,CC1=CC=CC=C1O,CCCCOC(C)=O,-8.9
butylamine,tetrachloroethene,CCCCN,C(=C(Cl)Cl)(Cl)Cl,-4.49
1-heptanol,nonane,CCCCCCCO,CCCCCCCCC,-5.62
chlorobenzene,undecane,C1=CC=C(C=C1)Cl,CCCCCCCCCCC,-5.12
1;1-dichloro-2;2-difluoroethylmethylether,hexadecane,FC(F)CC(Cl)(Cl)OC(Cl)(Cl)CC(F)F,CCCCCCCCCCCCCCCC,-3.9
N;N-dimethylacetamide,dimethylacetamide,CC(=O)N(C)C,CC(=O)N(C)C,-6.77
ethanol,nonane,CCO,CCCCCCCCC,-2.15
ethanol,bromobenzene,CCO,C1=CC=C(C=C1)Br,-3.26
5-trifluoromethyluracil,octanol,C1=C(C(=O)NC(=O)N1)C(F)(F)F,CCCCCCCCO,-15.51
phenol,dibromoethane,C1=CC=C(C=C1)O,CC(Br)Br,-7.22
phenylformate,water,[O-]C(=O)c1ccccc1,O,-3.82
pentylacetate,isopropyltoluene,CCCCCOC(C)=O,CC1=CC=C(C=C1)C(C)C,-6.02
iodobenzene,decalin,C1=CC=C(C=C1)I,C1CCC2CCCCC2C1,-5.96
1-pentanol,pentanol,CCCCCO,CCCCCO,-7.92
pentanoicacid,secbutanol,CCCCC(O)=O,CCC(C)O,-7.61
nitromethane,benzene,C[N+](=O)[O-],C1=CC=CC=C1,-4.5
butylacetate,xylene,CCCCOC(C)=O,CC1=CC=CC=C1C,-5.4
1-hexanol,water,CCCCCCO,O,-4.36
2-methylpentane,hexadecane,CCCC(C)C,CCCCCCCCCCCCCCCC,-3.48
phenol,bromoform,C1=CC=C(C=C1)O,C(Br)(Br)Br,-6.88
thiophene,hexadecane,C1=CSC=C1,CCCCCCCCCCCCCCCC,-4.01
ethyne,hexadecane,C#C,CCCCCCCCCCCCCCCC,-0.2
1-pentanol,diethylether,CCCCCO,CCOCC,-6.11
nitromethane,decane,C[N+](=O)[O-],CCCCCCCCCC,-2.81
1;4-dioxane,bromoethane,C1COCCO1,CCBr,-5.39
2-heptanone,chlorobenzene,CCCCCC(=O)C,C1=CC=C(C=C1)Cl,-6.46
pentylacetate,hexadecane,CCCCCOC(C)=O,CCCCCCCCCCCCCCCC,-5.2
4-amino-3;5;6-trichloropyridine-2-carboxylicacid,water,Nc1c(Cl)c(Cl)nc(C(O)=O)c1Cl,O,-11.96
pyridine,hexadecane,C1=CC=NC=C1,CCCCCCCCCCCCCCCC,-4.1
ethylamine,hexanol,CCN,CCCCCCO,-4.2
ammonia,4methyl2pentanone,N,CC(C)CC(C)=O,-2.52
pentylacetate,xylene,CCCCCOC(C)=O,CC1=CC=CC=C1C,-6.19
p-cresol,decalin,CC1=CC=C(C=C1)O,C1CCC2CCCCC2C1,-5.68
aceticacid,dichloroethane,CC(O)=O,CC(Cl)Cl,-4.89
m-hydroxybenzaldehyde,water,C1=CC(=CC(=C1)O)C=O,O,-9.51
1-bromobutane,water,CCCCBr,O,-0.41
1-hexyne,octanol,CCCCC#C,CCCCCCCCO,-3.43
ethylbenzene,heptanol,CCC1=CC=CC=C1,CCCCCCCO,-4.58
2;6-dimethylpyridine,dimethylpyridine,CC1=NC(=CC=C1)C,CC1=C(N=CC=C1)C,-6.04
ethanol,butanone,CCO,CCC(=O)C,-4.46
2;6-dimethylpyridine,water,CC1=NC(=CC=C1)C,O,-4.6
toluene,propanol,CC1=CC=CC=C1,CCCO,-4.47
2-heptanone,xylene,CCCCCC(=O)C,CC1=CC=CC=C1C,-6.15
methanethiol,water,CS,O,-1.24
diflunisal,octanol,C1=CC(=C(C=C1C2=C(C=C(C=C2)F)F)C(=O)O)O,CCCCCCCCO,-15.46
aceticacid,hexadecane,CC(O)=O,CCCCCCCCCCCCCCCC,-2.39
acetone,cyclohexane,CC(=O)C,C1CCCCC1,-2.67
5-fluorouracil,heptane,C1=C(C(=O)NC(=O)N1)F,CCCCCCC,-11.28
methylpentanoate,xylene,CCCCC(=O)OC,CC1=CC=CC=C1C,-5.61
2-methylpyrazine,dibutylether,CC1=NC=CN=C1,CCCCOCCCC,-5.12
acetamide,water,CC(=O)N,O,-9.71
p-hydroxybenzaldehyde,hexane,C1=CC(=CC=C1C=O)O,CCCCCC,-9.18
diiodomethane,hexadecane,C(I)I,CCCCCCCCCCCCCCCC,-5.26
o-cresol,nonane,CC1=CC=CC=C1O,CCCCCCCCC,-6.2
1;1;1-trichloroethane,water,CC(Cl)(Cl)Cl,O,-0.25
1-decanol,octanol,CCCCCCCCCCO,CCCCCCCCO,-9.88
3-methoxybenzoicacid,water,COC1=CC=CC(=C1)C(=O)O,O,-8.93
p-cresol,isooctane,CC1=CC=C(C=C1)O,CC(C)CC(C)(C)C,-5.59
1;1-diacetoxyethane,water,CC(OC(=O)C)OC(=O)C,O,-4.97
1;1;1-trichloroethane,octanol,CC(Cl)(Cl)Cl,CCCCCCCCO,-3.69
o-cresol,bromobenzene,CC1=CC=CC=C1O,C1=CC=C(C=C1)Br,-7.26
sulfolane,octanol,C1CCS(=O)(=O)C1,CCCCCCCCO,-7.56
iodobenzene,heptane,C1=CC=C(C=C1)I,CCCCCCC,-6.27
N-(2-hydroxyphenyl)acetamide,water,CC(=O)NC1=CC=CC=C1O,O,-11.61
trimethylamine,ethylbenzene,CN(C)C,CCC1=CC=CC=C1,-2.64
butanoicacid,tributylphosphate,C1=CN=C(C=C1CO)C2=NC=CC(=C2)CO,CCCCOP(=O)(OCCCC)OCCCC,-8.29
methylpropanoate,toluene,CCC(=O)OC,CC1=CC=CC=C1,-4.62
ethylamine,benzene,CCN,C1=CC=CC=C1,-2.73
diethyl4-nitrophenylthiophosphonate,water,CC[S](CC)=[P]([O-])([O-])c1ccc(cc1)[N+]([O-])=O,O,-6.27
p-bromophenol,butylacetate,C1=CC(=CC=C1O)Br,CCCCOC(C)=O,-10.57
dipropylamine,benzene,CCCNCCC,C1=CC=CC=C1,-5.09
toluene,octane,CC1=CC=CC=C1,CCCCCCCC,-4.82
1-nonanol,nonanol,CCCCCCCCCO,CCCCCCCCCO,-9.05
hydrogen,octanol,[HH],CCCCCCCCO,1.76
2-pentanone,decane,CCCC(=O)C,CCCCCCCCCC,-3.93
p-cresol,dibromoethane,CC1=CC=C(C=C1)O,CC(Br)Br,-7.52
5-iodouracil,octanol,C1=C(C(=O)NC(=O)N1)I,CCCCCCCCO,-18.77
fluoromethane,water,CF,O,-0.22
2-ethylpyrazine,chloroform,CCC1=NC=CN=C1,C(Cl)(Cl)Cl,-7.72
2-methylaniline,hexadecane,CC1=CC=CC=C1N,CCCCCCCCCCCCCCCC,-6.08
2-pyrrolidinone,octanol,C1CC(=O)NC1,CCCCCCCCO,-8.85
trimethylamine,water,CN(C)C,O,-3.23
4-methylaniline,water,CC1=CC=C(C=C1)N,O,-5.55
methanol,cyclohexane,CO,C1CCCCC1,-1.29
2-hexanone,isopropylbenzene,CCCCC(=O)C,CC(C)C1=CC=CC=C1,-5.39
butylacetate,water,CCCCOC(C)=O,O,-2.55
water,ethylbenzene,O,CCC1=CC=CC=C1,-1.51
phenacetin,water,CCOC1=CC=C(C=C1)NC(=O)C,O,-10.91
1-butanol,dibromoethane,CCCCO,CC(Br)Br,-4.65
methylhexanoate,perfluorobenzene,CCCCCC(=O)OC,C1(=C(C(=C(C(=C1F)F)F)F)F)F,-6.21
2-heptanone,butylbenzene,CCCCCC(=O)C,CCCCC1=CC=CC=C1,-5.93
water,octanol,O,CCCCCCCCO,-4.43
ethylamine,nonanol,CCN,CCCCCCCCCO,-4.02
2;2;4-trimethylpentane,water,CC(C)CC(C)(C)C,O,2.85
1;4-dioxane,propanol,C1COCCO1,CCCO,-4.61
2-methylpyridine,dibutylether,CC1=CC=CC=N1,CCCCOCCCC,-5.2
nitromethane,water,C[N+](=O)[O-],O,-3.95
n-propane,water,CCC,O,1.96
trimethylamine,cyclohexane,CN(C)C,C1CCCCC1,-2.63
n-octane,tetrahydrothiophenedioxide,CCCCCCCC,O=[S]1(=O)CCCC1,-2.44
1-pentanol,pentane,CCCCCO,CCCCC,-3.92
2-butanone,benzylalcohol,CCC(=O)C,C1=CC=C(C=C1)CO,-4.57
1;2-dimethoxyethane,octanol,COCCOC,CCCCCCCCO,-4.55
1-pentyne,water,CCCC#C,O,0.01
p-bromophenol,methylenechloride,C1=CC(=CC=C1O)Br,C(Cl)Cl,-9.09
n-octane,xylene,CCCCCCCC,CC1=CC=CC=C1C,-5.29
propanoicacid,dichloroethane,CC(=O)CC(=O)NC1=CC(=C(C=C1OC)OC)Cl,CC(Cl)Cl,-5.12
ethanol,phenylether,CCO,O(c1ccccc1)c2ccccc2,-3.22
ethanol,bromoform,CCO,C(Br)(Br)Br,-3.24
dimethylmethylphosphonate,hexadecane,COP(=O)(C)OC,CCCCCCCCCCCCCCCC,-5.43
4-methylaniline,decane,CC1=CC=C(C=C1)N,CCCCCCCCCC,-6.05
2-butanone,triethylamine,CCC(=O)C,CCN(CC)CC,-3.86
methylacetate,bromooctane,COC(C)=O,CCCCCCCCBr,-3.35
p-cresol,chlorobenzene,CC1=CC=C(C=C1)O,C1=CC=C(C=C1)Cl,-7.23
butanoicacid,diisopropylether,C1=CN=C(C=C1CO)C2=NC=CC(=C2)CO,CC(C)OC(C)C,-6.85
piperidine,chloroform,C1CCNCC1,C(Cl)(Cl)Cl,-6.37
1-octanol,benzene,CCCCCCCCO,C1=CC=CC=C1,-8.06
n-octane,butanol,CCCCCCCC,CCCCO,-4.45
1-pentanol,ethylacetate,CCCCCO,CCOC(=O)C,-6.13
propylamine,nonanol,CCCN,CCCCCCCCCO,-4.66
1-butanol,pentane,CCCCO,CCCCC,-3.77
hexachlorobenzene,octanol,C1(=C(C(=C(C(=C1Cl)Cl)Cl)Cl)Cl)Cl,CCCCCCCCO,-10.15
fenbufen,octanol,C1=CC=C(C=C1)C2=CC=C(C=C2)C(=O)CCC(=O)O,CCCCCCCCO,-17.12
N-(3-hydroxyphenyl)acetamide,water,CC(=O)NC1=CC(=CC=C1)O,O,-13.93
urea,hexadecane,C(=O)(N)N,CCCCCCCCCCCCCCCC,-6.37
dimethyl4-nitrophenylthiophosphate,octanol,C[S](C)(c1ccc(cc1)[N+]([O-])=O)=[P]([O-])([O-])[O-],CCCCCCCCO,-11.7
phenol,pentanol,C1=CC=C(C=C1)O,CCCCCO,-8.55
ethanol,ethylbenzene,CCO,CCC1=CC=CC=C1,-2.49
dimethyldisulfide,octanol,CSSC,CCCCCCCCO,-4.24
2-ethylpyrazine,dibutylether,CCC1=NC=CN=C1,CCCCOCCCC,-5.87
toluene,2methylpyridine,CC1=CC=CC=C1,Cc1ccccn1,-5.06
octanal,water,CCCCCCCC=O,O,-2.29
cyclopentanol,diethylether,C1CCC(C1)O,CCOCC,-6.5
triethylphosphate,octanol,CCOP(=O)(OCC)OCC,CCCCCCCCO,-8.88
toluene,isooctane,CC1=CC=CC=C1,CC(C)CC(C)(C)C,-4.68
5-fluorouracil,water,C1=C(C(=O)NC(=O)N1)F,O,-16.92
1-pentanol,octanol,CCCCCO,CCCCCCCCO,-6.4
2-pentanone,tetralin,CCCC(=O)C,C1CCC2=CC=CC=C2C1,-3.99
methylbenzoate,hexadecane,COC(=O)C1=CC=CC=C1,CCCCCCCCCCCCCCCC,-6.31
ethylparaben,water,CCOC(=O)C1=CC=C(C=C1)O,O,-9.2
1;1;1-trifluoropropan-2-ol,octanol,CC(C(F)(F)F)O,CCCCCCCCO,-5.12
1;2-ethanediol,water,C(CO)O,O,-9.3
methylacetate,dichloroethane,COC(C)=O,CC(Cl)Cl,-4.55
benzamide,dichloroethane,C1=CC=C(C=C1)C(=O)N,CC(Cl)Cl,-10.9
m-cresol,iodobenzene,CC1=CC(=CC=C1)O,C1=CC=C(C=C1)I,-6.04
ammonia,chlorobenzene,N,C1=CC=C(C=C1)Cl,-1.22
1-butanol,dichloroethane,CCCCO,CC(Cl)Cl,-4.92
benzene,nonanol,C1=CC=CC=C1,CCCCCCCCCO,-3.82
2-methylaniline,octane,CC1=CC=CC=C1N,CCCCCCCC,-6.06
benzaldehyde,diethylether,C1=CC=C(C=C1)C=O,CCOCC,-6.08
isobutanol,isobutanol,CC(C)CO,CC(C)CO,-5.79
ethylamine,pentanol,CCN,CCCCCO,-4.27
n-butane,hexadecane,CCCC,CCCCCCCCCCCCCCCC,-2.2
2-pentanone,isooctane,CCCC(=O)C,CC(C)CC(C)(C)C,-4.14
nitromethane,nitroethane,C[N+](=O)[O-],CC[N+](=O)[O-],-5.35
methanol,nonane,CO,CCCCCCCCC,-1.29
ethene,octanol,C=C,CCCCCCCCO,-0.27
butanoicacid,water,C1=CN=C(C=C1CO)C2=NC=CC(=C2)CO,O,-6.36
tetrahydrofuran,octanol,C1CCOC1,CCCCCCCCO,-3.93
dimethyl4-bromo-2;5-dichlorophenylthiophosphate,octanol,C[S](C)(c1cc(Cl)c(Br)cc1Cl)=[P]([O-])([O-])[O-],CCCCCCCCO,-12.3
mesitylene,mesitylene,CC1=CC(=CC(=C1)C)C,CC1=CC(=CC(=C1)C)C,-6.4
flufenamicacid,water,C1=CC=C(C(=C1)C(=O)O)NC2=CC=CC(=C2)C(F)(F)F,O,-5.68
phenol,xylene,C1=CC=C(C=C1)O,CC1=CC=CC=C1C,-6.83
2-octanone,octanol,CCCCCCC(=O)C,CCCCCCCCO,-6.38
ethylformate,hexadecane,CCOC=O,CCCCCCCCCCCCCCCC,-2.59
1;4-dioxane,dimethylpyridine,C1COCCO1,CC1=C(N=CC=C1)C,-4.9
3-ethyl-2-methoxypyrazine,octanol,CCC1=NC=CN=C1OC,CCCCCCCCO,-6.85
water,secbutanol,O,CCC(C)O,-5.71
ethylacetate,pentadecane,CCOC(=O)C,CCCCCCCCCCCCCCC,-3.37
ethanol,hexane,CCO,CCCCCC,-2.73
methylhexanoate,hexadecane,CCCCCC(=O)OC,CCCCCCCCCCCCCCCC,-5.43
nitromethane,cyclohexanone,C[N+](=O)[O-],C1CCC(=O)CC1,-5.09
2-methylaniline,octanol,CC1=CC=CC=C1N,CCCCCCCCO,-7.36
ethylbenzene,pentanol,CCC1=CC=CC=C1,CCCCCO,-4.48
aniline,tributylphosphate,C1=CC=C(C=C1)N,CCCCOP(=O)(OCCCC)OCCCC,-7.6
butylacetate,benzene,CCCCOC(C)=O,C1=CC=CC=C1,-5.78
1-heptanol,hexadecane,CCCCCCCO,CCCCCCCCCCCCCCCC,-5.62
nitrobenzene,decalin,C1=CC=C(C=C1)[N+](=O)[O-],C1CCC2CCCCC2C1,-6.36
2-butanone,ethylbenzene,CCC(=O)C,CCC1=CC=CC=C1,-4.12
n-propane,octanol,CCC,CCCCCCCCO,-1.26
pentanoicacid,toluene,CCCCC(O)=O,CC1=CC=CC=C1,-5.89
3-pentanone,hexadecane,CCC(=O)CC,CCCCCCCCCCCCCCCC,-3.83
methanol,butanol,CO,CCCCO,-4.73
2;2;2-trifluoroethanol,chloroform,C(C(F)(F)F)O,C(Cl)(Cl)Cl,-3.03
ethylacetate,ethylbenzene,CCOC(=O)C,CCC1=CC=CC=C1,-4.31
trimethylphosphate,chloroform,COP(=O)(OC)OC,C(Cl)(Cl)Cl,-9.74
butylnitrate,water,CCCCO[N+]([O-])=O,O,-2.1
formaldehyde,hexadecane,C=O,CCCCCCCCCCCCCCCC,-0.99
n-butane,octanol,CCCC,CCCCCCCCO,-1.86
phenol,heptanol,C1=CC=C(C=C1)O,CCCCCCCO,-8.69
pyridine,octanol,C1=CC=NC=C1,CCCCCCCCO,-5.34
butylamine,toluene,CCCCN,CC1=CC=CC=C1,-4.33
water,water,O,O,-6.31
nitromethane,dimethylsulfoxide,C[N+](=O)[O-],CS(=O)C,-5.66
propylamine,pentane,CCCN,CCCCC,-3.13
1-propanethiol,cyclohexane,CCCS,C1CCCCC1,-3.12
toluene,dimethylacetamide,CC1=CC=CC=C1,CC(=O)N(C)C,-4.94
1-propanol,toluene,CCCO,CC1=CC=CC=C1,-3.71
butylacetate,bromooctane,CCCCOC(C)=O,CCCCCCCCBr,-5.11
2;3-dichlorobiphenyl,water,C1=CC=C(C=C1)C2=C(C(=CC=C2)Cl)Cl,O,-2.45
thiophenol,water,C1=CC=C(C=C1)S,O,-2.55
2-butanone,phenylether,CCC(=O)C,O(c1ccccc1)c2ccccc2,-4.08
benzonitrile,chloroform,C1=CC=C(C=C1)C#N,C(Cl)(Cl)Cl,-7.22
pyrrole,chloroform,C1=CNC=C1,C(Cl)(Cl)Cl,-5.5
naproxen,octanol,C[C@@H](C1=CC2=C(C=C1)C=C(C=C2)OC)C(=O)O,CCCCCCCCO,-14.55
bromobenzene,chloroform,C1=CC=C(C=C1)Br,C(Cl)(Cl)Cl,-6.07
1-hexanol,octanol,CCCCCCO,CCCCCCCCO,-7.06
1-iodopropane,hexadecane,CCCI,CCCCCCCCCCCCCCCC,-4.27
methylcyclohexane,octanol,CC1CCCCC1,CCCCCCCCO,-3.21
cyclopentanone,water,C1CCC(=O)C1,O,-4.68
tetramethylsilane,hexadecane,C[Si](C)(C)C,CCCCCCCCCCCCCCCC,-2.92
thiophenol,methylenechloride,C1=CC=C(C=C1)S,C(Cl)Cl,-7.11
benzene,benzene,C1=CC=CC=C1,C1=CC=CC=C1,-4.55
pentylamine,water,CCCCCN,O,-4.1
m-xylene,hexane,CC1=CC(=CC=C1)C,CCCCCC,-4.99
2-methylpyridine,cyclohexane,CC1=CC=CC=N1,C1CCCCC1,-5.05
nitrobenzene,chloroform,C1=CC=C(C=C1)[N+](=O)[O-],C(Cl)(Cl)Cl,-7.78
imidazole,water,C1=CN=CN1,O,-9.81
2-butanone,diisopropylether,CCC(=O)C,CC(C)OC(C)C,-3.96
N;N-dimethylformamide,dimethylformamide,CN(C)C=O,CN(C)C=O,-6.47
2;5-dimethylpyridine,hexadecane,CC1=CN=C(C=C1)C,CCCCCCCCCCCCCCCC,-5.52
butylamine,ethylbenzene,CCCCN,CCC1=CC=CC=C1,-4.43
phenol,chloroform,C1=CC=C(C=C1)O,C(Cl)(Cl)Cl,-7.14
1-hexanol,hexadecane,CCCCCCO,CCCCCCCCCCCCCCCC,-4.92
trimethylamine,isobutanol,CN(C)C,CC(C)CO,-3.9
isopropanol,cyclohexane,CC(C)O,C1CCCCC1,-2.37
ethanol,ethanol,CCO,CCO,-5.04
1-pentyne,hexadecane,CCCC#C,CCCCCCCCCCCCCCCC,-2.74
E-2-pentene,water,CC/C=C/C,O,1.34
pentylacetate,bromooctane,CCCCCOC(C)=O,CCCCCCCCBr,-5.81
p-cresol,bromobenzene,CC1=CC=C(C=C1)O,C1=CC=C(C=C1)Br,-7.12
butanonitrile,octanol,CCCC#N,CCCCCCCCO,-4.25
m-cresol,diethylether,CC1=CC(=CC=C1)O,CCOCC,-7.95
1-hexene,octanol,CCCCC=C,CCCCCCCCO,-2.94
water,hexadecane,O,CCCCCCCCCCCCCCCC,-0.35
1-decanol,hexadecane,CCCCCCCCCCO,CCCCCCCCCCCCCCCC,-7.68
nitrobenzene,octanol,C1=CC=C(C=C1)[N+](=O)[O-],CCCCCCCCO,-6.63
tetrachloroethene,undecane,C(=C(Cl)Cl)(Cl)Cl,CCCCCCCCCCC,-4.63
5-iodouracil,water,C1=C(C(=O)NC(=O)N1)I,O,-18.72
toluene,acetophenone,CC1=CC=CC=C1,CC(=O)C1=CC=CC=C1,-4.9
isopropylether,diisopropylether,CC(C)OC(C)C,CC(C)OC(C)C,-3.97
2-ethylpyrazine,octane,CCC1=NC=CN=C1,CCCCCCCC,-5.51
nitrobenzene,nitrobenzene,C1=CC=C(C=C1)[N+](=O)[O-],C1=CC=C(C=C1)[N+](=O)[O-],-7.94
1;1;2-trichloro-1;2;2-trifluoroethane,water,C(C(F)(Cl)Cl)(F)(F)Cl,O,1.77
ethanol,methylenechloride,CCO,C(Cl)Cl,-3.82
methylformate,water,COC=O,O,-2.78
1-butanol,butylacetate,CCCCO,CCCCOC(C)=O,-5.23
N-methylpiperazine,water,CN1CCNCC1,O,-7.77
butylamine,decane,CCCCN,CCCCCCCCCC,-3.55
phenol,isooctane,C1=CC=C(C=C1)O,CC(C)CC(C)(C)C,-5.3
N;N-dimethylaniline,water,CN(C)C1=CC=CC=C1,O,-3.58
2-methylpyridine,water,CC1=CC=CC=N1,O,-4.63
ethanol,dichloroethane,CCO,CC(Cl)Cl,-2.83
dimethylether,octanol,COC,CCCCCCCCO,-2.06
butanal,isobutanol,CCCC=O,CC(C)CO,-4.82
aniline,toluene,C1=CC=C(C=C1)N,CC1=CC=CC=C1,-6.69
benzonitrile,decalin,C1=CC=C(C=C1)C#N,C1CCC2CCCCC2C1,-5.86
1-pentanol,bromoform,CCCCCO,C(Br)(Br)Br,-5.34
toluene,pyridine,CC1=CC=CC=C1,C1=CC=NC=C1,-5.1
n-heptane,hexadecane,CCCCCCC,CCCCCCCCCCCCCCCC,-4.33
propylacetate,water,CCCOC(C)=O,O,-2.86
nitroethane,hexadecane,CC[N+](=O)[O-],CCCCCCCCCCCCCCCC,-3.29
3;3-dimethylbutanone,cyclohexane,CC(=O)C(C)(C)C,C1CCCCC1,-4.42
urea,diethylether,C(=O)(N)N,CCOCC,-9.11
aceticacid,xylene,CC(O)=O,CC1=CC=CC=C1C,-4.08
ethanol,aceticacid,CCO,CC(O)=O,-5.25
phenol,cyclohexane,C1=CC=C(C=C1)O,C1CCCCC1,-5.57
1-propanol,hexane,CCCO,CCCCCC,-2.81
5-bromouracil,heptane,C1=C(C(=O)NC(=O)N1)Br,CCCCCCC,-12.73
nitroethane,hexane,CC[N+](=O)[O-],CCCCCC,-3.19
1;2-ethanediol,octanol,C(CO)O,CCCCCCCCO,-7.44
trimethylamine,diisopropylether,CN(C)C,CC(C)OC(C)C,-2.74
5-fluorouracil,octanol,C1=C(C(=O)NC(=O)N1)F,CCCCCCCCO,-15.71
2-methylaniline,benzene,CC1=CC=CC=C1N,C1=CC=CC=C1,-7.37
1-bromo-2-chloroethane,water,C(CBr)Cl,O,-1.95
methane,octanol,C,CCCCCCCCO,0.51
ethanol,chloroform,CCO,C(Cl)(Cl)Cl,-3.94
o-cresol,hexanol,CC1=CC=CC=C1O,CCCCCCO,-8.76
diethylether,cyclohexane,CCOCC,C1CCCCC1,-3.03
1;1-dimethyl-3-phenylurea,water,CN(C)C(=O)NC1=CC=CC=C1,O,-9.63
piperidine,octanol,C1CCNCC1,CCCCCCCCO,-6.27
allylalcohol,hexadecane,OCC=C,CCCCCCCCCCCCCCCC,-2.73
hydrogensulfide,hexadecane,S,CCCCCCCCCCCCCCCC,-0.72
1-propanol,isooctane,CCCO,CC(C)CC(C)(C)C,-3.0
o-cresol,ethylbenzene,CC1=CC=CC=C1O,CCC1=CC=CC=C1,-7.25
